update konfigurasjon.issuetype set nbr = NULL, name = 'PC_ISSUETYPE_ROLLOUT_METER_CHANGE_CT', project_key = 'PPEN,PPTO,PPTRE,PPFIRE,PPFEM', new_issue_enabled = 0, summary_field = 'summary', changed_by = 'PowerCatch admin', changed_date = '2016-08-08 11:10:28.675+02', deleted = 1, drop_signature = 1, gui = 0 where id = 'e028f89b-ef46-4c25-9929-d504b6fbbadb';
update konfigurasjon.issuetype set nbr = NULL, name = 'PC_ISSUETYPE_ROLLOUT_SUBSTATION_NEW_MASTER', project_key = 'PPEN,PPTO,PPTRE,PPFIRE,PPFEM', new_issue_enabled = 0, summary_field = 'summary', changed_by = 'PowerCatch admin', changed_date = '2016-08-08 11:10:28.769+02', deleted = 1, drop_signature = 1, gui = 0 where id = '53fd5fb9-c750-490c-aafa-619d2d68e923';
update konfigurasjon.issuetype set nbr = NULL, name = 'PC_ISSUETYPE_ROLLOUT_METER_CHANGE', project_key = 'PPEN', new_issue_enabled = 0, summary_field = 'summary', changed_by = 'PowerCatch admin', changed_date = '2016-08-08 11:10:28.769+02', deleted = 0, drop_signature = 1, gui = 0 where id = '65f9942c-5a39-4668-93e7-3de4c87da209';
update konfigurasjon.issuetype set nbr = NULL, name = 'PC_ISSUETYPE_ROLLOUT_SUBSTATION_NEW_CONCENTRATOR', project_key = 'PPEN', new_issue_enabled = 0, summary_field = 'summary', changed_by = 'PowerCatch admin', changed_date = '2016-08-08 11:10:28.769+02', deleted = 0, drop_signature = 1, gui = 0 where id = '2e3a3157-e67b-4cab-8cf1-6bf928d13417';
insert into konfigurasjon.field (id, nbr, name, customfieldid, changed_by, changed_date, deleted, gui) values ('57657345-6006-479b-9d54-490e12543744',NULL,'PC_CUSTOMER_GIVEN_NAME',NULL,'PowerCatch admin','2016-08-09 13:49:15.569+02',0,0);
insert into konfigurasjon.fieldproperty (id, label, editable, required, checkboxvalidationid, id_field, hidden, scannable, hide_values, cross_validation, dependency_field, changed_by, changed_date, deleted, gui) values ('54f5c19f-93c0-47d9-9def-711d9693c89b',NULL,0,0,NULL,'57657345-6006-479b-9d54-490e12543744',0,NULL,0,0,NULL,'PowerCatch admin','2016-08-09 13:49:37.418+02',0,0);
insert into konfigurasjon.field (id, nbr, name, customfieldid, changed_by, changed_date, deleted, gui) values ('c7b91d69-ab03-426d-95a2-c0f57aa8eac9',NULL,'PC_CUSTOMER_FAMILY_NAME',NULL,'PowerCatch admin','2016-08-09 13:50:06.262+02',0,0);
insert into konfigurasjon.fieldproperty (id, label, editable, required, checkboxvalidationid, id_field, hidden, scannable, hide_values, cross_validation, dependency_field, changed_by, changed_date, deleted, gui) values ('b67322f0-65d7-45f8-be31-a7c911feeef1',NULL,0,0,NULL,'c7b91d69-ab03-426d-95a2-c0f57aa8eac9',0,NULL,0,0,NULL,'PowerCatch admin','2016-08-09 13:50:15.152+02',0,0);
insert into konfigurasjon.field (id, nbr, name, customfieldid, changed_by, changed_date, deleted, gui) values ('167863b6-4ccf-4562-b8cd-97ac71079a94',NULL,'PC_CUSTOMER_ORGANIZATION_NAME',NULL,'PowerCatch admin','2016-08-09 13:50:31.581+02',0,0);
insert into konfigurasjon.fieldproperty (id, label, editable, required, checkboxvalidationid, id_field, hidden, scannable, hide_values, cross_validation, dependency_field, changed_by, changed_date, deleted, gui) values ('a140667f-905b-4ae8-ba3d-f16797d3777a',NULL,0,0,NULL,'167863b6-4ccf-4562-b8cd-97ac71079a94',0,NULL,0,0,NULL,'PowerCatch admin','2016-08-09 13:50:44.565+02',0,0);
insert into konfigurasjon.field (id, nbr, name, customfieldid, changed_by, changed_date, deleted, gui) values ('8c12f2d2-c774-4c37-8bb2-2cfda9870a72',NULL,'PC_INVOICE_MOBILE',NULL,'PowerCatch admin','2016-08-09 13:51:13.362+02',0,0);
insert into konfigurasjon.fieldproperty (id, label, editable, required, checkboxvalidationid, id_field, hidden, scannable, hide_values, cross_validation, dependency_field, changed_by, changed_date, deleted, gui) values ('c04f83db-9648-4c70-b3fb-95534d6ffc62',NULL,0,0,NULL,'8c12f2d2-c774-4c37-8bb2-2cfda9870a72',0,NULL,0,0,NULL,'PowerCatch admin','2016-08-09 13:51:20.541+02',0,0);
insert into konfigurasjon.field (id, nbr, name, customfieldid, changed_by, changed_date, deleted, gui) values ('282751e9-d0dc-484b-acc6-fe8eec2f78ac',NULL,'PC_INVOICE_PHONE',NULL,'PowerCatch admin','2016-08-09 13:51:39.12+02',0,0);
insert into konfigurasjon.fieldproperty (id, label, editable, required, checkboxvalidationid, id_field, hidden, scannable, hide_values, cross_validation, dependency_field, changed_by, changed_date, deleted, gui) values ('c5c12e44-24ba-412b-a430-51b132432aa0',NULL,0,0,NULL,'282751e9-d0dc-484b-acc6-fe8eec2f78ac',0,NULL,0,0,NULL,'PowerCatch admin','2016-08-09 13:51:45.51+02',0,0);
insert into konfigurasjon.field (id, nbr, name, customfieldid, changed_by, changed_date, deleted, gui) values ('a413e4da-e372-4945-a56d-70fe3fbe1bb6',NULL,'PC_COMPONENT_TYPE',NULL,'PowerCatch admin','2016-08-09 13:53:22.22+02',0,0);
insert into konfigurasjon.fieldproperty (id, label, editable, required, checkboxvalidationid, id_field, hidden, scannable, hide_values, cross_validation, dependency_field, changed_by, changed_date, deleted, gui) values ('8a2548a4-94db-4878-9791-4a0dbfd7e439',NULL,0,0,NULL,'a413e4da-e372-4945-a56d-70fe3fbe1bb6',0,NULL,0,0,NULL,'PowerCatch admin','2016-08-09 13:53:27.704+02',0,0);
insert into konfigurasjon.field (id, nbr, name, customfieldid, changed_by, changed_date, deleted, gui) values ('754e0e4d-99ff-47e4-9124-991cc827b455',NULL,'PC_COMMUNICATION_TYPE',NULL,'PowerCatch admin','2016-08-09 13:53:42.782+02',0,0);
insert into konfigurasjon.fieldproperty (id, label, editable, required, checkboxvalidationid, id_field, hidden, scannable, hide_values, cross_validation, dependency_field, changed_by, changed_date, deleted, gui) values ('5a3658c7-800a-4b3a-ade0-25f0415ab07a',NULL,0,0,NULL,'754e0e4d-99ff-47e4-9124-991cc827b455',0,NULL,0,0,NULL,'PowerCatch admin','2016-08-09 13:53:47.985+02',0,0);
insert into konfigurasjon.fieldproperty (id, label, editable, required, checkboxvalidationid, id_field, hidden, scannable, hide_values, cross_validation, dependency_field, changed_by, changed_date, deleted, gui) values ('880ae0f5-639b-47ac-b7ce-8b9631ab8cee',NULL,1,0,NULL,'f18e334f-c7bc-4554-aa72-648d9861b2d2',0,NULL,0,0,NULL,'PowerCatch admin','2016-08-09 13:54:43.851+02',0,0);
insert into konfigurasjon.fieldproperty (id, label, editable, required, checkboxvalidationid, id_field, hidden, scannable, hide_values, cross_validation, dependency_field, changed_by, changed_date, deleted, gui) values ('29c2cc80-228b-4c57-bedc-eb394f729598',NULL,1,0,NULL,'2eb92b5f-91c2-4cf8-97c7-f84a7ee09777',0,NULL,0,0,NULL,'PowerCatch admin','2016-08-09 13:55:10.156+02',0,0);
insert into konfigurasjon.field (id, nbr, name, customfieldid, changed_by, changed_date, deleted, gui) values ('b21896aa-6e97-4553-a38b-cf82202290a8',NULL,'PC_COMPOINT_FUSE_SIZE',NULL,'PowerCatch admin','2016-08-09 13:56:17.734+02',0,0);
insert into konfigurasjon.fieldproperty (id, label, editable, required, checkboxvalidationid, id_field, hidden, scannable, hide_values, cross_validation, dependency_field, changed_by, changed_date, deleted, gui) values ('fb44edfa-30d4-43a7-93fd-99c23acf19ea',NULL,1,0,NULL,'b21896aa-6e97-4553-a38b-cf82202290a8',0,NULL,0,0,NULL,'PowerCatch admin','2016-08-09 13:56:27.296+02',0,0);
insert into konfigurasjon.field (id, nbr, name, customfieldid, changed_by, changed_date, deleted, gui) values ('b9d68d2e-58b4-4d09-97a8-efefbac6398b',NULL,'PC_METER_PLACEMENT_CODE',NULL,'PowerCatch admin','2016-08-09 13:56:50.484+02',0,0);
insert into konfigurasjon.fieldproperty (id, label, editable, required, checkboxvalidationid, id_field, hidden, scannable, hide_values, cross_validation, dependency_field, changed_by, changed_date, deleted, gui) values ('1a12e3f6-1696-4343-b148-c5e55712624b',NULL,0,0,NULL,'b9d68d2e-58b4-4d09-97a8-efefbac6398b',0,NULL,0,0,NULL,'PowerCatch admin','2016-08-09 13:56:57.155+02',0,0);
insert into konfigurasjon.field (id, nbr, name, customfieldid, changed_by, changed_date, deleted, gui) values ('3c43a956-bc4f-4f3b-9336-d68f04950612',NULL,'PC_METER_PLACEMENT_DESCRIPTION',NULL,'PowerCatch admin','2016-08-09 13:57:13.116+02',0,0);
insert into konfigurasjon.fieldproperty (id, label, editable, required, checkboxvalidationid, id_field, hidden, scannable, hide_values, cross_validation, dependency_field, changed_by, changed_date, deleted, gui) values ('45bda6f3-96d6-4916-8c87-0c0a28940cb1',NULL,0,0,NULL,'3c43a956-bc4f-4f3b-9336-d68f04950612',0,NULL,0,0,NULL,'PowerCatch admin','2016-08-09 13:57:21.428+02',0,0);
insert into konfigurasjon.field (id, nbr, name, customfieldid, changed_by, changed_date, deleted, gui) values ('f04daf7c-7959-4ae0-8ac5-e85bf72f09be',NULL,'PC_METER_ENTRANCE_DESCRIPTION',NULL,'PowerCatch admin','2016-08-09 14:16:52.462+02',0,0);
insert into konfigurasjon.fieldproperty (id, label, editable, required, checkboxvalidationid, id_field, hidden, scannable, hide_values, cross_validation, dependency_field, changed_by, changed_date, deleted, gui) values ('7b0f0f4a-8bd5-4e65-b2a6-180bee4a5b34',NULL,0,0,NULL,'f04daf7c-7959-4ae0-8ac5-e85bf72f09be',0,NULL,0,0,NULL,'PowerCatch admin','2016-08-09 14:17:00.837+02',0,0);
insert into konfigurasjon.field (id, nbr, name, customfieldid, changed_by, changed_date, deleted, gui) values ('e66cc8ca-1dc2-4b09-9a7c-7f7add73151b',NULL,'PC_ANTENNA_TYPE',NULL,'PowerCatch admin','2016-08-09 14:17:15.025+02',0,0);
insert into konfigurasjon.fieldproperty (id, label, editable, required, checkboxvalidationid, id_field, hidden, scannable, hide_values, cross_validation, dependency_field, changed_by, changed_date, deleted, gui) values ('9a628298-f9f8-42b2-b8de-c64270361943',NULL,0,0,NULL,'e66cc8ca-1dc2-4b09-9a7c-7f7add73151b',0,NULL,0,0,NULL,'PowerCatch admin','2016-08-09 14:17:24.025+02',0,0);
insert into konfigurasjon.field (id, nbr, name, customfieldid, changed_by, changed_date, deleted, gui) values ('091a31f4-6854-4082-9845-f62c01bea414',NULL,'PC_ANTENNA_PLACEMENT_CODE',NULL,'PowerCatch admin','2016-08-09 14:17:40.234+02',0,0);
insert into konfigurasjon.fieldproperty (id, label, editable, required, checkboxvalidationid, id_field, hidden, scannable, hide_values, cross_validation, dependency_field, changed_by, changed_date, deleted, gui) values ('2a8e37ae-fe04-400d-bec0-17cda1ee4dc7',NULL,0,0,NULL,'091a31f4-6854-4082-9845-f62c01bea414',0,NULL,0,0,NULL,'PowerCatch admin','2016-08-09 14:17:45.531+02',0,0);
insert into konfigurasjon.field (id, nbr, name, customfieldid, changed_by, changed_date, deleted, gui) values ('aee4ffc6-0489-4ee4-b8ec-56e80b440fbf',NULL,'PC_ANTENNA_PLACEMENT_DESCRIPTION',NULL,'PowerCatch admin','2016-08-09 14:17:58.64+02',0,0);
insert into konfigurasjon.fieldproperty (id, label, editable, required, checkboxvalidationid, id_field, hidden, scannable, hide_values, cross_validation, dependency_field, changed_by, changed_date, deleted, gui) values ('ad7c0bfe-a713-4fa4-a121-533753eadacb',NULL,0,0,NULL,'aee4ffc6-0489-4ee4-b8ec-56e80b440fbf',0,NULL,0,0,NULL,'PowerCatch admin','2016-08-09 14:18:07.328+02',0,0);
insert into konfigurasjon.field (id, nbr, name, customfieldid, changed_by, changed_date, deleted, gui) values ('42f92ec2-d53b-4049-a92e-c25d4b139111',NULL,'PC_ANTENNA_ENTRANCE_DESCRIPTION',NULL,'PowerCatch admin','2016-08-09 14:18:19.625+02',0,0);
insert into konfigurasjon.fieldproperty (id, label, editable, required, checkboxvalidationid, id_field, hidden, scannable, hide_values, cross_validation, dependency_field, changed_by, changed_date, deleted, gui) values ('38524e19-381b-48cd-9d9c-a899ba42888f',NULL,0,0,NULL,'42f92ec2-d53b-4049-a92e-c25d4b139111',0,NULL,0,0,NULL,'PowerCatch admin','2016-08-09 14:18:27.015+02',0,0);
insert into konfigurasjon.field (id, nbr, name, customfieldid, changed_by, changed_date, deleted, gui) values ('59717064-55d9-4a94-a2aa-e5a91281d922',NULL,'PC_ANNUAL_ACTIVE_CONSUMPTION',NULL,'PowerCatch admin','2016-08-09 14:19:45.562+02',0,0);
insert into konfigurasjon.fieldproperty (id, label, editable, required, checkboxvalidationid, id_field, hidden, scannable, hide_values, cross_validation, dependency_field, changed_by, changed_date, deleted, gui) values ('3691f5d3-9cbd-4a60-9fcd-6c5d97143562',NULL,0,0,NULL,'59717064-55d9-4a94-a2aa-e5a91281d922',0,NULL,0,0,NULL,'PowerCatch admin','2016-08-09 14:20:13.171+02',0,0);
update konfigurasjon.fieldproperty set label = 'Målernummer', editable = 1, required = 1, checkboxvalidationid = NULL, id_field = '5dd4e65b-3525-40e6-9c15-f1a8f342dbe0', hidden = 0, scannable = 5, hide_values = 1, cross_validation = 1, dependency_field = 'PC_WORK_COMPLETED_DATE_TIME', changed_by = 'PowerCatch admin', changed_date = '2016-08-09 14:23:53.345+02', deleted = 0, gui = 0 where id = '6fe6314a-3564-43fd-a46e-6550f1cc82ef';
insert into konfigurasjon.fieldproperty (id, label, editable, required, checkboxvalidationid, id_field, hidden, scannable, hide_values, cross_validation, dependency_field, changed_by, changed_date, deleted, gui) values ('01dc8a28-4f43-4e83-936b-e04735cac71a',NULL,1,0,NULL,'ae41fe48-adb0-4307-bd3d-920873b6963c',0,0,0,0,NULL,'PowerCatch admin','2016-08-09 14:25:12.549+02',0,0);
insert into konfigurasjon.field (id, nbr, name, customfieldid, changed_by, changed_date, deleted, gui) values ('ff34c1ed-c751-4382-b94e-30e5e3f6eeaa',NULL,'PC_MOUNTED_RF_ANTENNA_TYPE',NULL,'PowerCatch admin','2016-08-09 14:25:33.003+02',0,0);
insert into konfigurasjon.fieldproperty (id, label, editable, required, checkboxvalidationid, id_field, hidden, scannable, hide_values, cross_validation, dependency_field, changed_by, changed_date, deleted, gui) values ('f68d5ef6-bcf4-4975-b7b9-e22ab6848dcf',NULL,1,0,NULL,'ff34c1ed-c751-4382-b94e-30e5e3f6eeaa',0,NULL,0,0,NULL,'PowerCatch admin','2016-08-09 14:25:42.112+02',0,0);
insert into konfigurasjon.field (id, nbr, name, customfieldid, changed_by, changed_date, deleted, gui) values ('e4b1fea5-8dc4-48ba-a3b8-3aa8249f9fc7',NULL,'PC_MOUNTED_GSM_ANTENNA_TYPE',NULL,'PowerCatch admin','2016-08-09 14:25:58.3+02',0,0);
insert into konfigurasjon.fieldproperty (id, label, editable, required, checkboxvalidationid, id_field, hidden, scannable, hide_values, cross_validation, dependency_field, changed_by, changed_date, deleted, gui) values ('051f9c41-5547-46dc-ae76-c99c0ecb7173',NULL,1,0,NULL,'e4b1fea5-8dc4-48ba-a3b8-3aa8249f9fc7',0,NULL,0,0,NULL,'PowerCatch admin','2016-08-09 14:26:09.003+02',0,0);
insert into konfigurasjon.field (id, nbr, name, customfieldid, changed_by, changed_date, deleted, gui) values ('0c796d7f-5130-4b91-ae1a-018db68d1527',NULL,'PC_COMPLETED_ACTIVITIES',NULL,'PowerCatch admin','2016-08-09 14:29:01.221+02',0,0);
insert into konfigurasjon.fieldproperty (id, label, editable, required, checkboxvalidationid, id_field, hidden, scannable, hide_values, cross_validation, dependency_field, changed_by, changed_date, deleted, gui) values ('909ae4e6-ab67-4cfe-8eca-b2e87fd8447f',NULL,1,1,NULL,'0c796d7f-5130-4b91-ae1a-018db68d1527',0,NULL,0,0,NULL,'PowerCatch admin','2016-08-09 14:29:18.002+02',0,0);
insert into konfigurasjon.field (id, nbr, name, customfieldid, changed_by, changed_date, deleted, gui) values ('c97e0bbb-f083-4c52-9628-f1adee1b18f8',NULL,'PC_COMPLETED_ADDITIONAL_ACTIVITIES',NULL,'PowerCatch admin','2016-08-09 14:29:34.737+02',0,0);
insert into konfigurasjon.fieldproperty (id, label, editable, required, checkboxvalidationid, id_field, hidden, scannable, hide_values, cross_validation, dependency_field, changed_by, changed_date, deleted, gui) values ('d9cfcb96-2373-4493-bb05-5914a72728f4',NULL,1,0,NULL,'c97e0bbb-f083-4c52-9628-f1adee1b18f8',0,NULL,0,0,NULL,'PowerCatch admin','2016-08-09 14:29:46.252+02',0,0);
insert into konfigurasjon.field (id, nbr, name, customfieldid, changed_by, changed_date, deleted, gui) values ('d2ad57b2-c634-430b-9927-c8580b12050b',NULL,'PC_SUBSTATION_NAME',NULL,'PowerCatch admin','2016-08-09 14:30:57.601+02',0,0);
insert into konfigurasjon.fieldproperty (id, label, editable, required, checkboxvalidationid, id_field, hidden, scannable, hide_values, cross_validation, dependency_field, changed_by, changed_date, deleted, gui) values ('5343862f-4b8d-47c1-9493-9ac62c9b84ac',NULL,0,0,NULL,'d2ad57b2-c634-430b-9927-c8580b12050b',0,NULL,0,0,NULL,'PowerCatch admin','2016-08-09 14:31:03.851+02',0,0);
insert into konfigurasjon.field (id, nbr, name, customfieldid, changed_by, changed_date, deleted, gui) values ('a86e3a93-22cf-4664-b2cc-bd5fea8eeb35',NULL,'PC_CONSENTRATOR_PLACEMENT_CODE',NULL,'PowerCatch admin','2016-08-09 14:31:19.56+02',0,0);
insert into konfigurasjon.fieldproperty (id, label, editable, required, checkboxvalidationid, id_field, hidden, scannable, hide_values, cross_validation, dependency_field, changed_by, changed_date, deleted, gui) values ('dd5f2498-1ab8-44de-95ee-2c6e6a425bae',NULL,0,0,NULL,'a86e3a93-22cf-4664-b2cc-bd5fea8eeb35',0,NULL,0,0,NULL,'PowerCatch admin','2016-08-09 14:31:29.684+02',0,0);
insert into konfigurasjon.field (id, nbr, name, customfieldid, changed_by, changed_date, deleted, gui) values ('9ab39a27-3294-462a-bfab-a1a3c4f90067',NULL,'PC_CONSENTRATOR_PLACEMENT_DESCRIPTION',NULL,'PowerCatch admin','2016-08-09 14:31:43.138+02',0,0);
insert into konfigurasjon.fieldproperty (id, label, editable, required, checkboxvalidationid, id_field, hidden, scannable, hide_values, cross_validation, dependency_field, changed_by, changed_date, deleted, gui) values ('ee43575b-c6be-49c2-80cf-b99b59fe6254',NULL,0,0,NULL,'9ab39a27-3294-462a-bfab-a1a3c4f90067',0,NULL,0,0,NULL,'PowerCatch admin','2016-08-09 14:31:48.481+02',0,0);
insert into konfigurasjon.field (id, nbr, name, customfieldid, changed_by, changed_date, deleted, gui) values ('8ef60252-6e74-40cd-8a8e-53effd28528f',NULL,'PC_CONSENTRATOR_ENTRANCE_DESCRIPTION',NULL,'PowerCatch admin','2016-08-09 14:32:03.356+02',0,0);
insert into konfigurasjon.fieldproperty (id, label, editable, required, checkboxvalidationid, id_field, hidden, scannable, hide_values, cross_validation, dependency_field, changed_by, changed_date, deleted, gui) values ('7e2d17e5-1f1b-4ad8-86cc-7aacda1b79ac',NULL,0,0,NULL,'8ef60252-6e74-40cd-8a8e-53effd28528f',0,NULL,0,0,NULL,'PowerCatch admin','2016-08-09 14:32:11.007+02',0,0);
insert into konfigurasjon.field (id, nbr, name, customfieldid, changed_by, changed_date, deleted, gui) values ('690efcc0-143e-4354-83aa-1702fc298e59',NULL,'PC_MOUNTED_CONSENTRATOR_TYPE',NULL,'PowerCatch admin','2016-08-09 14:33:00.14+02',0,0);
insert into konfigurasjon.fieldproperty (id, label, editable, required, checkboxvalidationid, id_field, hidden, scannable, hide_values, cross_validation, dependency_field, changed_by, changed_date, deleted, gui) values ('3efe9078-7de6-41d0-a551-96e1f3c9d1f4',NULL,1,0,NULL,'690efcc0-143e-4354-83aa-1702fc298e59',0,NULL,0,0,NULL,'PowerCatch admin','2016-08-09 14:33:08.531+02',0,0);
insert into konfigurasjon.fieldproperty (id, label, editable, required, checkboxvalidationid, id_field, hidden, scannable, hide_values, cross_validation, dependency_field, changed_by, changed_date, deleted, gui) values ('caa68983-7d4d-43c7-8a48-54def8108924','Serienummer',1,1,NULL,'993af071-d4b9-457a-b233-2837d601e701',0,5,1,1,'PC_WORK_COMPLETED_DATE_TIME','PowerCatch admin','2016-08-09 14:34:17.359+02',0,0);
insert into konfigurasjon.page (id, nbr, name, signaturerequired, commentpresent, show_camera_on_page, changed_by, changed_date, deleted, gui) values ('86274906-4396-4717-949e-ded42f6fedab',138,'pc.page.order.info',0,0,NULL,'PowerCatch admin','2016-08-09 14:56:09.45+02',0,0);
insert into konfigurasjon.page (id, nbr, name, signaturerequired, commentpresent, show_camera_on_page, changed_by, changed_date, deleted, gui) values ('7a5161a6-c0bb-492b-ad1e-88a197b0047a',139,'pc.page.installation.data',0,0,NULL,'PowerCatch admin','2016-08-09 14:56:28.372+02',0,0);
insert into konfigurasjon.page (id, nbr, name, signaturerequired, commentpresent, show_camera_on_page, changed_by, changed_date, deleted, gui) values ('2b7b78f9-ebee-4780-aef2-dadf4b080d95',140,'pc.page.meterpoint',0,0,NULL,'PowerCatch admin','2016-08-09 14:56:41.544+02',0,0);
insert into konfigurasjon.page (id, nbr, name, signaturerequired, commentpresent, show_camera_on_page, changed_by, changed_date, deleted, gui) values ('19fb0277-a95f-4384-949c-b268c44ea2b5',141,'pc.page.existing.meter',0,0,NULL,'PowerCatch admin','2016-08-09 14:56:56.216+02',0,0);
insert into konfigurasjon.page (id, nbr, name, signaturerequired, commentpresent, show_camera_on_page, changed_by, changed_date, deleted, gui) values ('d308e823-2fb6-434f-95a6-a88fa8c67542',142,'pc.page.new.meter',0,0,NULL,'PowerCatch admin','2016-08-09 14:57:08.684+02',0,0);
insert into konfigurasjon.page (id, nbr, name, signaturerequired, commentpresent, show_camera_on_page, changed_by, changed_date, deleted, gui) values ('93c54497-e45f-4d62-bfb1-040c754e5521',143,'pc.page.completed.work',0,0,NULL,'PowerCatch admin','2016-08-09 14:57:28.419+02',0,0);
insert into konfigurasjon.page (id, nbr, name, signaturerequired, commentpresent, show_camera_on_page, changed_by, changed_date, deleted, gui) values ('b8be4294-433d-4db7-b5e2-d57e298b912e',144,'pc.page.concentratordata',0,0,NULL,'PowerCatch admin','2016-08-09 14:57:42.591+02',0,0);
insert into konfigurasjon.page (id, nbr, name, signaturerequired, commentpresent, show_camera_on_page, changed_by, changed_date, deleted, gui) values ('903cf208-94eb-4e6c-a63a-ace5eb161025',145,'pc.page.mounting.new.concentrator',0,0,NULL,'PowerCatch admin','2016-08-09 14:58:00.637+02',0,0);
insert into konfigurasjon.page_fieldproperty (id, id_page, id_fieldproperty, sortorder, changed_by, changed_date, deleted, gui) values ('02b946c3-fd25-43bb-8f98-77fcf90062e3','86274906-4396-4717-949e-ded42f6fedab','f2b8c0c0-dc47-4681-bd9a-69f61a8ea493',2,'PowerCatch admin','2016-08-09 15:09:49.16+02',0,0);
insert into konfigurasjon.page_fieldproperty (id, id_page, id_fieldproperty, sortorder, changed_by, changed_date, deleted, gui) values ('186ce323-17a1-46ef-b27d-3e62f35a248c','86274906-4396-4717-949e-ded42f6fedab','62d11a06-72f8-4bab-8a93-a7f8951464e9',6,'PowerCatch admin','2016-08-09 15:09:49.16+02',0,0);
insert into konfigurasjon.page_fieldproperty (id, id_page, id_fieldproperty, sortorder, changed_by, changed_date, deleted, gui) values ('0ec18ae6-cc30-4d6a-802e-7fc5a49873d3','86274906-4396-4717-949e-ded42f6fedab','4a019e67-69be-4a0a-82f3-5ac65780db35',3,'PowerCatch admin','2016-08-09 15:09:49.16+02',0,0);
insert into konfigurasjon.page_fieldproperty (id, id_page, id_fieldproperty, sortorder, changed_by, changed_date, deleted, gui) values ('069fc41e-e88e-4ee7-89aa-0993dc90f053','86274906-4396-4717-949e-ded42f6fedab','d963c52b-3079-4ac5-a3ab-8ead9c472546',4,'PowerCatch admin','2016-08-09 15:09:49.16+02',0,0);
insert into konfigurasjon.page_fieldproperty (id, id_page, id_fieldproperty, sortorder, changed_by, changed_date, deleted, gui) values ('74e7a23e-3dda-4573-bdbf-6a1c36d9d951','86274906-4396-4717-949e-ded42f6fedab','2c44e699-173c-4091-9a5c-873e459618a3',5,'PowerCatch admin','2016-08-09 15:09:49.16+02',0,0);
insert into konfigurasjon.page_fieldproperty (id, id_page, id_fieldproperty, sortorder, changed_by, changed_date, deleted, gui) values ('299e1f25-cbab-47b1-b230-520973431ae3','86274906-4396-4717-949e-ded42f6fedab','15aadd9c-611b-44da-9525-c01029a583ea',1,'PowerCatch admin','2016-08-09 15:09:49.145+02',0,0);
insert into konfigurasjon.page_fieldproperty (id, id_page, id_fieldproperty, sortorder, changed_by, changed_date, deleted, gui) values ('9273b313-aca5-4d88-907b-03965078b0bf','86274906-4396-4717-949e-ded42f6fedab','4cce9941-47b5-4beb-a34d-f0149af05b0b',7,'PowerCatch admin','2016-08-09 15:09:49.16+02',0,0);
update konfigurasjon.fieldproperty set label = NULL, editable = 0, required = 0, checkboxvalidationid = NULL, id_field = '2e15d2b5-c096-45ae-aa2e-4e1a11611aa5', hidden = 0, scannable = 0, hide_values = 0, cross_validation = 0, dependency_field = NULL, changed_by = 'PowerCatch admin', changed_date = '2016-08-09 15:25:44.6+02', deleted = 0, gui = 0 where id = '62d11a06-72f8-4bab-8a93-a7f8951464e9';
update konfigurasjon.fieldproperty set label = NULL, editable = 0, required = 0, checkboxvalidationid = NULL, id_field = '617443b1-8eec-45a1-9769-8edb95186f93', hidden = 0, scannable = 0, hide_values = 0, cross_validation = 0, dependency_field = NULL, changed_by = 'PowerCatch admin', changed_date = '2016-08-09 15:25:59.991+02', deleted = 0, gui = 0 where id = '4cce9941-47b5-4beb-a34d-f0149af05b0b';
insert into konfigurasjon.page_fieldproperty (id, id_page, id_fieldproperty, sortorder, changed_by, changed_date, deleted, gui) values ('e90cf575-4da7-49d5-8bd3-b09b4e9ef922','7a5161a6-c0bb-492b-ad1e-88a197b0047a','c5c12e44-24ba-412b-a430-51b132432aa0',5,'PowerCatch admin','2016-08-09 15:28:16.466+02',0,0);
insert into konfigurasjon.page_fieldproperty (id, id_page, id_fieldproperty, sortorder, changed_by, changed_date, deleted, gui) values ('734faa89-7875-4fa8-a4ed-0628ca57e0c2','7a5161a6-c0bb-492b-ad1e-88a197b0047a','de2bb369-9847-4309-ac34-e89e47895c22',6,'PowerCatch admin','2016-08-09 15:28:16.466+02',0,0);
insert into konfigurasjon.page_fieldproperty (id, id_page, id_fieldproperty, sortorder, changed_by, changed_date, deleted, gui) values ('2ecd54e0-4072-4308-b625-29f46dfb594d','7a5161a6-c0bb-492b-ad1e-88a197b0047a','a8f633de-1136-4873-9f5f-fda22871585b',7,'PowerCatch admin','2016-08-09 15:28:16.466+02',0,0);
insert into konfigurasjon.page_fieldproperty (id, id_page, id_fieldproperty, sortorder, changed_by, changed_date, deleted, gui) values ('5d852dc5-0dd4-4bdd-a221-5b2ad87d26cd','7a5161a6-c0bb-492b-ad1e-88a197b0047a','b67322f0-65d7-45f8-be31-a7c911feeef1',2,'PowerCatch admin','2016-08-09 15:28:16.466+02',0,0);
insert into konfigurasjon.page_fieldproperty (id, id_page, id_fieldproperty, sortorder, changed_by, changed_date, deleted, gui) values ('dfd70b5d-31b0-4e84-8756-d425ab79e211','7a5161a6-c0bb-492b-ad1e-88a197b0047a','a140667f-905b-4ae8-ba3d-f16797d3777a',3,'PowerCatch admin','2016-08-09 15:28:16.466+02',0,0);
insert into konfigurasjon.page_fieldproperty (id, id_page, id_fieldproperty, sortorder, changed_by, changed_date, deleted, gui) values ('689d6910-22c2-4e09-9db3-8c9f9e1748c3','7a5161a6-c0bb-492b-ad1e-88a197b0047a','cf0e65d9-1fbc-491a-bf5f-7caa9c10339c',8,'PowerCatch admin','2016-08-09 15:28:16.482+02',0,0);
insert into konfigurasjon.page_fieldproperty (id, id_page, id_fieldproperty, sortorder, changed_by, changed_date, deleted, gui) values ('fe12810d-25b1-43e8-9260-5e5c91f2dec8','7a5161a6-c0bb-492b-ad1e-88a197b0047a','b57499bb-3b60-49a0-b8db-9d66f2ad1c2f',9,'PowerCatch admin','2016-08-09 15:28:16.482+02',0,0);
insert into konfigurasjon.page_fieldproperty (id, id_page, id_fieldproperty, sortorder, changed_by, changed_date, deleted, gui) values ('07aec799-f44e-40cb-b3ca-e557a8fba66e','7a5161a6-c0bb-492b-ad1e-88a197b0047a','23861b45-c21c-489c-810f-4e7fbb757b86',10,'PowerCatch admin','2016-08-09 15:28:16.482+02',0,0);
insert into konfigurasjon.page_fieldproperty (id, id_page, id_fieldproperty, sortorder, changed_by, changed_date, deleted, gui) values ('7371788b-a3ad-4bef-9eeb-eb160e0716ad','7a5161a6-c0bb-492b-ad1e-88a197b0047a','cf5dde98-82ac-4bbb-99c9-3739e62705bf',11,'PowerCatch admin','2016-08-09 15:28:16.482+02',0,0);
insert into konfigurasjon.page_fieldproperty (id, id_page, id_fieldproperty, sortorder, changed_by, changed_date, deleted, gui) values ('4e6dd75a-76e8-4948-ab48-767f13170d4b','7a5161a6-c0bb-492b-ad1e-88a197b0047a','f5730100-2e15-4f72-b155-491af56fd0e5',12,'PowerCatch admin','2016-08-09 15:28:16.482+02',0,0);
insert into konfigurasjon.page_fieldproperty (id, id_page, id_fieldproperty, sortorder, changed_by, changed_date, deleted, gui) values ('8784e66e-f58b-4805-8f0d-39c99e3b81da','7a5161a6-c0bb-492b-ad1e-88a197b0047a','54f5c19f-93c0-47d9-9def-711d9693c89b',1,'PowerCatch admin','2016-08-09 15:28:16.451+02',0,0);
insert into konfigurasjon.page_fieldproperty (id, id_page, id_fieldproperty, sortorder, changed_by, changed_date, deleted, gui) values ('b5d05b2c-501f-4dda-967f-4242eac1d80c','7a5161a6-c0bb-492b-ad1e-88a197b0047a','c04f83db-9648-4c70-b3fb-95534d6ffc62',4,'PowerCatch admin','2016-08-09 15:28:16.466+02',0,0);
insert into konfigurasjon.page_fieldproperty (id, id_page, id_fieldproperty, sortorder, changed_by, changed_date, deleted, gui) values ('4939325d-1185-4013-8529-3916680fc078','2b7b78f9-ebee-4780-aef2-dadf4b080d95','cd07fe6e-9180-4c55-8df0-0cebc6a40fb7',3,'PowerCatch admin','2016-08-10 07:48:06.461+02',0,0);
insert into konfigurasjon.page_fieldproperty (id, id_page, id_fieldproperty, sortorder, changed_by, changed_date, deleted, gui) values ('c248b495-f46e-4082-b323-ec4e828fcbf4','2b7b78f9-ebee-4780-aef2-dadf4b080d95','bb179e34-eca9-4951-8f55-ad7eb0570a41',4,'PowerCatch admin','2016-08-10 07:48:06.461+02',0,0);
insert into konfigurasjon.page_fieldproperty (id, id_page, id_fieldproperty, sortorder, changed_by, changed_date, deleted, gui) values ('39783485-a10b-4f7e-babf-456207d459e7','2b7b78f9-ebee-4780-aef2-dadf4b080d95','880ae0f5-639b-47ac-b7ce-8b9631ab8cee',5,'PowerCatch admin','2016-08-10 07:48:06.461+02',0,0);
insert into konfigurasjon.page_fieldproperty (id, id_page, id_fieldproperty, sortorder, changed_by, changed_date, deleted, gui) values ('feab287d-6e47-4346-a1b6-13a5a2e1805e','2b7b78f9-ebee-4780-aef2-dadf4b080d95','5a3658c7-800a-4b3a-ade0-25f0415ab07a',2,'PowerCatch admin','2016-08-10 07:48:06.461+02',0,0);
insert into konfigurasjon.page_fieldproperty (id, id_page, id_fieldproperty, sortorder, changed_by, changed_date, deleted, gui) values ('96738105-6f54-4c2c-b902-85ec43f10e3a','2b7b78f9-ebee-4780-aef2-dadf4b080d95','29c2cc80-228b-4c57-bedc-eb394f729598',6,'PowerCatch admin','2016-08-10 07:48:06.477+02',0,0);
insert into konfigurasjon.page_fieldproperty (id, id_page, id_fieldproperty, sortorder, changed_by, changed_date, deleted, gui) values ('6f83ba30-37e1-4a58-84ea-6ecbb19c2001','2b7b78f9-ebee-4780-aef2-dadf4b080d95','1a12e3f6-1696-4343-b148-c5e55712624b',8,'PowerCatch admin','2016-08-10 07:48:06.477+02',0,0);
insert into konfigurasjon.page_fieldproperty (id, id_page, id_fieldproperty, sortorder, changed_by, changed_date, deleted, gui) values ('01042b61-ddaa-4058-a5c6-10a66e18e64a','2b7b78f9-ebee-4780-aef2-dadf4b080d95','45bda6f3-96d6-4916-8c87-0c0a28940cb1',9,'PowerCatch admin','2016-08-10 07:48:06.477+02',0,0);
insert into konfigurasjon.page_fieldproperty (id, id_page, id_fieldproperty, sortorder, changed_by, changed_date, deleted, gui) values ('ef0fdf21-60c0-441c-b74d-97b92873b434','2b7b78f9-ebee-4780-aef2-dadf4b080d95','7b0f0f4a-8bd5-4e65-b2a6-180bee4a5b34',10,'PowerCatch admin','2016-08-10 07:48:06.477+02',0,0);
insert into konfigurasjon.page_fieldproperty (id, id_page, id_fieldproperty, sortorder, changed_by, changed_date, deleted, gui) values ('63b1f9f3-1ed6-407b-a8e8-1d4f5b0c6ca1','2b7b78f9-ebee-4780-aef2-dadf4b080d95','9a628298-f9f8-42b2-b8de-c64270361943',11,'PowerCatch admin','2016-08-10 07:48:06.477+02',0,0);
insert into konfigurasjon.page_fieldproperty (id, id_page, id_fieldproperty, sortorder, changed_by, changed_date, deleted, gui) values ('8415afb7-3c24-4db8-9699-48dc10040955','2b7b78f9-ebee-4780-aef2-dadf4b080d95','fb44edfa-30d4-43a7-93fd-99c23acf19ea',7,'PowerCatch admin','2016-08-10 07:48:06.477+02',0,0);
insert into konfigurasjon.page_fieldproperty (id, id_page, id_fieldproperty, sortorder, changed_by, changed_date, deleted, gui) values ('0b23b986-bcaa-43ed-82b8-0318b353bef9','2b7b78f9-ebee-4780-aef2-dadf4b080d95','2a8e37ae-fe04-400d-bec0-17cda1ee4dc7',12,'PowerCatch admin','2016-08-10 07:48:06.492+02',0,0);
insert into konfigurasjon.page_fieldproperty (id, id_page, id_fieldproperty, sortorder, changed_by, changed_date, deleted, gui) values ('75e6a14e-44de-46f1-b682-10628f5dd1fc','2b7b78f9-ebee-4780-aef2-dadf4b080d95','38524e19-381b-48cd-9d9c-a899ba42888f',14,'PowerCatch admin','2016-08-10 07:48:06.492+02',0,0);
insert into konfigurasjon.page_fieldproperty (id, id_page, id_fieldproperty, sortorder, changed_by, changed_date, deleted, gui) values ('20ebfedf-e705-45ab-87e5-55264eb93219','2b7b78f9-ebee-4780-aef2-dadf4b080d95','ad7c0bfe-a713-4fa4-a121-533753eadacb',13,'PowerCatch admin','2016-08-10 07:48:06.492+02',0,0);
insert into konfigurasjon.page_fieldproperty (id, id_page, id_fieldproperty, sortorder, changed_by, changed_date, deleted, gui) values ('d796630c-f27a-4907-8012-c97d5138c954','2b7b78f9-ebee-4780-aef2-dadf4b080d95','8a2548a4-94db-4878-9791-4a0dbfd7e439',1,'PowerCatch admin','2016-08-10 07:48:06.461+02',0,0);
insert into konfigurasjon.page_fieldproperty (id, id_page, id_fieldproperty, sortorder, changed_by, changed_date, deleted, gui) values ('5d47f516-96e6-4bb3-b9ce-78c893f4440e','19fb0277-a95f-4384-949c-b268c44ea2b5','efaf1e64-86f7-428a-a127-94e9e801df0a',3,'PowerCatch admin','2016-08-10 07:50:10.653+02',0,0);
insert into konfigurasjon.page_fieldproperty (id, id_page, id_fieldproperty, sortorder, changed_by, changed_date, deleted, gui) values ('89c6a7ae-69a4-46dc-a1f3-dd244be594b2','19fb0277-a95f-4384-949c-b268c44ea2b5','f2b8c0c0-dc47-4681-bd9a-69f61a8ea493',1,'PowerCatch admin','2016-08-10 07:50:10.653+02',0,0);
insert into konfigurasjon.page_fieldproperty (id, id_page, id_fieldproperty, sortorder, changed_by, changed_date, deleted, gui) values ('26868536-a548-46ba-b4d0-1264c4829019','19fb0277-a95f-4384-949c-b268c44ea2b5','5e1788a0-89ce-47ca-8e19-7d90c256aaa9',5,'PowerCatch admin','2016-08-10 07:50:10.668+02',0,0);
insert into konfigurasjon.page_fieldproperty (id, id_page, id_fieldproperty, sortorder, changed_by, changed_date, deleted, gui) values ('428ec95c-0284-4eb8-be4a-d4ba3fcacd32','19fb0277-a95f-4384-949c-b268c44ea2b5','f6ea90be-890e-493f-b94c-f99883d561a7',4,'PowerCatch admin','2016-08-10 07:50:10.653+02',0,0);
insert into konfigurasjon.page_fieldproperty (id, id_page, id_fieldproperty, sortorder, changed_by, changed_date, deleted, gui) values ('5c9e55df-bb91-4efa-85db-507d05081ff5','19fb0277-a95f-4384-949c-b268c44ea2b5','3691f5d3-9cbd-4a60-9fcd-6c5d97143562',2,'PowerCatch admin','2016-08-10 07:50:10.653+02',0,0);
insert into konfigurasjon.page_fieldproperty (id, id_page, id_fieldproperty, sortorder, changed_by, changed_date, deleted, gui) values ('0174f276-f8de-4e85-9001-7a94ef953947','d308e823-2fb6-434f-95a6-a88fa8c67542','f68d5ef6-bcf4-4975-b7b9-e22ab6848dcf',3,'PowerCatch admin','2016-08-10 07:51:57.465+02',0,0);
insert into konfigurasjon.page_fieldproperty (id, id_page, id_fieldproperty, sortorder, changed_by, changed_date, deleted, gui) values ('0c6772e3-db01-4527-b8f9-7e213bc7c214','d308e823-2fb6-434f-95a6-a88fa8c67542','6fe6314a-3564-43fd-a46e-6550f1cc82ef',1,'PowerCatch admin','2016-08-10 07:51:57.465+02',0,0);
insert into konfigurasjon.page_fieldproperty (id, id_page, id_fieldproperty, sortorder, changed_by, changed_date, deleted, gui) values ('8c64fd50-15dd-414d-96cb-c3e4629f9758','d308e823-2fb6-434f-95a6-a88fa8c67542','32f2d6c2-c4d3-4bf8-84bc-9fad0976b349',5,'PowerCatch admin','2016-08-10 07:51:57.465+02',0,0);
insert into konfigurasjon.page_fieldproperty (id, id_page, id_fieldproperty, sortorder, changed_by, changed_date, deleted, gui) values ('0fab0015-d230-4076-a1dd-55de4dcaf461','d308e823-2fb6-434f-95a6-a88fa8c67542','01dc8a28-4f43-4e83-936b-e04735cac71a',2,'PowerCatch admin','2016-08-10 07:51:57.465+02',0,0);
insert into konfigurasjon.page_fieldproperty (id, id_page, id_fieldproperty, sortorder, changed_by, changed_date, deleted, gui) values ('ebc0fd0f-9384-4e0d-a236-f27b7dde9e72','d308e823-2fb6-434f-95a6-a88fa8c67542','2c38af89-a205-408a-9b99-0f7ffc8f216a',6,'PowerCatch admin','2016-08-10 07:51:57.48+02',0,0);
insert into konfigurasjon.page_fieldproperty (id, id_page, id_fieldproperty, sortorder, changed_by, changed_date, deleted, gui) values ('b7d41ca8-a611-47e4-8bcc-a9d20a968880','d308e823-2fb6-434f-95a6-a88fa8c67542','a5183a73-d791-4909-9de8-188819cb37fe',7,'PowerCatch admin','2016-08-10 07:51:57.48+02',0,0);
insert into konfigurasjon.page_fieldproperty (id, id_page, id_fieldproperty, sortorder, changed_by, changed_date, deleted, gui) values ('7f55ab61-1004-4f9a-ad12-b1e8e46ad6aa','d308e823-2fb6-434f-95a6-a88fa8c67542','051f9c41-5547-46dc-ae76-c99c0ecb7173',4,'PowerCatch admin','2016-08-10 07:51:57.465+02',0,0);
insert into konfigurasjon.page_fieldproperty (id, id_page, id_fieldproperty, sortorder, changed_by, changed_date, deleted, gui) values ('4240464e-0405-4a7e-995d-e63095b5cad4','93c54497-e45f-4d62-bfb1-040c754e5521','909ae4e6-ab67-4cfe-8eca-b2e87fd8447f',1,'PowerCatch admin','2016-08-10 07:52:26.736+02',0,0);
insert into konfigurasjon.page_fieldproperty (id, id_page, id_fieldproperty, sortorder, changed_by, changed_date, deleted, gui) values ('42579f56-3ffb-403d-b925-ac42e80db11b','93c54497-e45f-4d62-bfb1-040c754e5521','d9cfcb96-2373-4493-bb05-5914a72728f4',2,'PowerCatch admin','2016-08-10 07:52:26.752+02',0,0);
insert into konfigurasjon.page_fieldproperty (id, id_page, id_fieldproperty, sortorder, changed_by, changed_date, deleted, gui) values ('f794bb1f-87cb-4603-be0d-bfe46e6ab793','b8be4294-433d-4db7-b5e2-d57e298b912e','2a8e37ae-fe04-400d-bec0-17cda1ee4dc7',12,'PowerCatch admin','2016-08-10 07:54:52.829+02',0,0);
insert into konfigurasjon.page_fieldproperty (id, id_page, id_fieldproperty, sortorder, changed_by, changed_date, deleted, gui) values ('53b8f4bd-6bf9-473c-bedf-9e7d657b53aa','b8be4294-433d-4db7-b5e2-d57e298b912e','8a2548a4-94db-4878-9791-4a0dbfd7e439',1,'PowerCatch admin','2016-08-10 07:54:52.782+02',0,0);
insert into konfigurasjon.page_fieldproperty (id, id_page, id_fieldproperty, sortorder, changed_by, changed_date, deleted, gui) values ('df7f46a9-65fa-4701-9acb-b512aee0c948','b8be4294-433d-4db7-b5e2-d57e298b912e','bb179e34-eca9-4951-8f55-ad7eb0570a41',5,'PowerCatch admin','2016-08-10 07:54:52.814+02',0,0);
insert into konfigurasjon.page_fieldproperty (id, id_page, id_fieldproperty, sortorder, changed_by, changed_date, deleted, gui) values ('43cc4414-0679-463d-ba41-c9b95df760de','b8be4294-433d-4db7-b5e2-d57e298b912e','25246340-1f86-49c8-869e-0f024eee5535',6,'PowerCatch admin','2016-08-10 07:54:52.814+02',0,0);
insert into konfigurasjon.page_fieldproperty (id, id_page, id_fieldproperty, sortorder, changed_by, changed_date, deleted, gui) values ('bdd548e6-9ae5-4e62-bf26-85b852bd8242','b8be4294-433d-4db7-b5e2-d57e298b912e','5343862f-4b8d-47c1-9493-9ac62c9b84ac',7,'PowerCatch admin','2016-08-10 07:54:52.814+02',0,0);
insert into konfigurasjon.page_fieldproperty (id, id_page, id_fieldproperty, sortorder, changed_by, changed_date, deleted, gui) values ('1c90b730-eb61-4dc2-9a25-205a387f75f3','b8be4294-433d-4db7-b5e2-d57e298b912e','dd5f2498-1ab8-44de-95ee-2c6e6a425bae',8,'PowerCatch admin','2016-08-10 07:54:52.814+02',0,0);
insert into konfigurasjon.page_fieldproperty (id, id_page, id_fieldproperty, sortorder, changed_by, changed_date, deleted, gui) values ('788eef19-7938-4a6e-a496-d910282c7553','b8be4294-433d-4db7-b5e2-d57e298b912e','ee43575b-c6be-49c2-80cf-b99b59fe6254',9,'PowerCatch admin','2016-08-10 07:54:52.814+02',0,0);
insert into konfigurasjon.page_fieldproperty (id, id_page, id_fieldproperty, sortorder, changed_by, changed_date, deleted, gui) values ('1a1a17bf-5228-4f3d-b7e5-e98d1fc5dfcf','b8be4294-433d-4db7-b5e2-d57e298b912e','8d1660bb-34c2-4384-ad36-61fe985238b8',4,'PowerCatch admin','2016-08-10 07:54:52.814+02',0,0);
insert into konfigurasjon.page_fieldproperty (id, id_page, id_fieldproperty, sortorder, changed_by, changed_date, deleted, gui) values ('170688cb-6ad9-4eb4-875d-2f8661763165','b8be4294-433d-4db7-b5e2-d57e298b912e','7e2d17e5-1f1b-4ad8-86cc-7aacda1b79ac',10,'PowerCatch admin','2016-08-10 07:54:52.829+02',0,0);
insert into konfigurasjon.page_fieldproperty (id, id_page, id_fieldproperty, sortorder, changed_by, changed_date, deleted, gui) values ('b996ad9c-5fae-4470-81ba-976bc01d39e2','b8be4294-433d-4db7-b5e2-d57e298b912e','5a3658c7-800a-4b3a-ade0-25f0415ab07a',2,'PowerCatch admin','2016-08-10 07:54:52.798+02',0,0);
insert into konfigurasjon.page_fieldproperty (id, id_page, id_fieldproperty, sortorder, changed_by, changed_date, deleted, gui) values ('a6dfb731-298d-4a73-bc55-518b6370dd3e','b8be4294-433d-4db7-b5e2-d57e298b912e','ad7c0bfe-a713-4fa4-a121-533753eadacb',13,'PowerCatch admin','2016-08-10 07:54:52.829+02',0,0);
insert into konfigurasjon.page_fieldproperty (id, id_page, id_fieldproperty, sortorder, changed_by, changed_date, deleted, gui) values ('dcda7631-45d1-4070-8efb-34925b4c3cc7','b8be4294-433d-4db7-b5e2-d57e298b912e','38524e19-381b-48cd-9d9c-a899ba42888f',14,'PowerCatch admin','2016-08-10 07:54:52.829+02',0,0);
insert into konfigurasjon.page_fieldproperty (id, id_page, id_fieldproperty, sortorder, changed_by, changed_date, deleted, gui) values ('4087c3b5-0e1f-40b2-8bd4-5fad07a0b808','b8be4294-433d-4db7-b5e2-d57e298b912e','9a628298-f9f8-42b2-b8de-c64270361943',11,'PowerCatch admin','2016-08-10 07:54:52.829+02',0,0);
insert into konfigurasjon.page_fieldproperty (id, id_page, id_fieldproperty, sortorder, changed_by, changed_date, deleted, gui) values ('8533f9c1-e90a-4514-8e0c-1a9e7e3783bb','b8be4294-433d-4db7-b5e2-d57e298b912e','cd07fe6e-9180-4c55-8df0-0cebc6a40fb7',3,'PowerCatch admin','2016-08-10 07:54:52.798+02',0,0);
insert into konfigurasjon.page_fieldproperty (id, id_page, id_fieldproperty, sortorder, changed_by, changed_date, deleted, gui) values ('e1c0162e-ee16-4ce6-81f1-121e0d8b5847','903cf208-94eb-4e6c-a63a-ace5eb161025','3efe9078-7de6-41d0-a551-96e1f3c9d1f4',1,'PowerCatch admin','2016-08-10 07:56:21.376+02',0,0);
insert into konfigurasjon.page_fieldproperty (id, id_page, id_fieldproperty, sortorder, changed_by, changed_date, deleted, gui) values ('140b17e0-3166-4dcc-b5dd-3a056a491633','903cf208-94eb-4e6c-a63a-ace5eb161025','01dc8a28-4f43-4e83-936b-e04735cac71a',3,'PowerCatch admin','2016-08-10 07:56:21.376+02',0,0);
insert into konfigurasjon.page_fieldproperty (id, id_page, id_fieldproperty, sortorder, changed_by, changed_date, deleted, gui) values ('8a927741-a22b-4706-8d7c-3bf470f56ffa','903cf208-94eb-4e6c-a63a-ace5eb161025','f68d5ef6-bcf4-4975-b7b9-e22ab6848dcf',4,'PowerCatch admin','2016-08-10 07:56:21.376+02',0,0);
insert into konfigurasjon.page_fieldproperty (id, id_page, id_fieldproperty, sortorder, changed_by, changed_date, deleted, gui) values ('7a54f35d-2302-41be-82c1-4134d038dfa1','903cf208-94eb-4e6c-a63a-ace5eb161025','caa68983-7d4d-43c7-8a48-54def8108924',2,'PowerCatch admin','2016-08-10 07:56:21.376+02',0,0);
insert into konfigurasjon.page_fieldproperty (id, id_page, id_fieldproperty, sortorder, changed_by, changed_date, deleted, gui) values ('eae91ec6-9c95-4315-b72d-2b48afbf23de','903cf208-94eb-4e6c-a63a-ace5eb161025','051f9c41-5547-46dc-ae76-c99c0ecb7173',5,'PowerCatch admin','2016-08-10 07:56:21.391+02',0,0);
delete from konfigurasjon.issuetype_page where id = 'ffc40ccf-fc14-4f3a-881e-060d50c768ea';
delete from konfigurasjon.issuetype_page where id = '721d6ee0-c787-4a93-a502-70ebf930b4d7';
delete from konfigurasjon.issuetype_page where id = '8a9b530f-97b2-41b8-832f-d8dd39d7b093';
delete from konfigurasjon.issuetype_page where id = '61d7add7-16f2-4615-b9a9-bdffbc30a3ae';
delete from konfigurasjon.issuetype_page where id = 'fc7c21e1-dc7e-4892-b3fc-4ff0522ae428';
delete from konfigurasjon.issuetype_page where id = '44e51ff9-b143-46f8-bdd6-50026615f197';
delete from konfigurasjon.issuetype_page where id = 'bfbcd628-5e16-4e8d-9b96-413249dc98fb';
delete from konfigurasjon.issuetype_page where id = '8798200d-23d4-4f73-994e-7d1f5b332dbf';
delete from konfigurasjon.issuetype_page where id = '15398596-b4c5-4a13-8a93-92c72f505d5a';
delete from konfigurasjon.issuetype_page where id = '7f44a3c8-378d-4a6f-b9fc-bfd89174ea2b';
delete from konfigurasjon.issuetype_page where id = '2519b82b-4cc3-48ee-80c6-5add3d8f92ed';
delete from konfigurasjon.issuetype_page where id = '974159de-2d62-47bf-83cd-9a2dbea6a160';
delete from konfigurasjon.issuetype_page where id = '3481467b-b13d-4979-b775-fa59b17ea5f5';
delete from konfigurasjon.issuetype_page where id = '810358cd-896a-4dda-9efa-e4026a5c0365';
delete from konfigurasjon.issuetype_page where id = '259d4c8b-8221-4916-9dbe-82708eb9e58b';
delete from konfigurasjon.issuetype_page where id = '989091a2-6b9f-44a2-8b7e-95240e316eb9';
delete from konfigurasjon.issuetype_page where id = '914fd685-cdb7-4f04-9968-5bfcb070b94e';
delete from konfigurasjon.issuetype_page where id = 'c2dc75bd-5b31-40de-9456-6cf1a8729fef';
insert into konfigurasjon.issuetype_page (id, id_issuetype, id_page, sortorder, changed_by, changed_date, deleted, gui) values ('ae78efac-28f6-4436-835f-fd0d17c582c9','65f9942c-5a39-4668-93e7-3de4c87da209','86274906-4396-4717-949e-ded42f6fedab',1,'PowerCatch admin','2016-08-10 08:01:30.449+02',0,0);
insert into konfigurasjon.issuetype_page (id, id_issuetype, id_page, sortorder, changed_by, changed_date, deleted, gui) values ('db039246-cca1-473f-b9c8-2c363e959238','65f9942c-5a39-4668-93e7-3de4c87da209','f3b63b5a-9b9f-473e-a165-6a3f537b0989',9,'PowerCatch admin','2016-08-10 08:01:30.48+02',0,0);
insert into konfigurasjon.issuetype_page (id, id_issuetype, id_page, sortorder, changed_by, changed_date, deleted, gui) values ('1a620f11-7dca-4f91-83a2-78edc6f749f8','65f9942c-5a39-4668-93e7-3de4c87da209','7cf691b0-d8b7-4a0c-a855-ec1610afcb38',3,'PowerCatch admin','2016-08-10 08:01:30.464+02',0,0);
insert into konfigurasjon.issuetype_page (id, id_issuetype, id_page, sortorder, changed_by, changed_date, deleted, gui) values ('18fe08f0-165c-470b-a396-3b1daa6012f6','65f9942c-5a39-4668-93e7-3de4c87da209','19fb0277-a95f-4384-949c-b268c44ea2b5',5,'PowerCatch admin','2016-08-10 08:01:30.464+02',0,0);
insert into konfigurasjon.issuetype_page (id, id_issuetype, id_page, sortorder, changed_by, changed_date, deleted, gui) values ('55f5aefb-a43d-416d-82c2-f42c0c81714d','65f9942c-5a39-4668-93e7-3de4c87da209','d308e823-2fb6-434f-95a6-a88fa8c67542',6,'PowerCatch admin','2016-08-10 08:01:30.464+02',0,0);
insert into konfigurasjon.issuetype_page (id, id_issuetype, id_page, sortorder, changed_by, changed_date, deleted, gui) values ('8599c21b-393f-491e-a0a6-c6a071e99fdb','65f9942c-5a39-4668-93e7-3de4c87da209','93c54497-e45f-4d62-bfb1-040c754e5521',7,'PowerCatch admin','2016-08-10 08:01:30.464+02',0,0);
insert into konfigurasjon.issuetype_page (id, id_issuetype, id_page, sortorder, changed_by, changed_date, deleted, gui) values ('4bb26e56-f94e-437d-a8db-c629776bda90','65f9942c-5a39-4668-93e7-3de4c87da209','a3f3f68b-d67c-4fa6-9afb-0c8750b22aa0',8,'PowerCatch admin','2016-08-10 08:01:30.464+02',0,0);
insert into konfigurasjon.issuetype_page (id, id_issuetype, id_page, sortorder, changed_by, changed_date, deleted, gui) values ('f0663b3c-7eeb-4b2b-b6f6-708c5e819f5b','65f9942c-5a39-4668-93e7-3de4c87da209','2b7b78f9-ebee-4780-aef2-dadf4b080d95',4,'PowerCatch admin','2016-08-10 08:01:30.464+02',0,0);
insert into konfigurasjon.issuetype_page (id, id_issuetype, id_page, sortorder, changed_by, changed_date, deleted, gui) values ('a3d3cc7b-f17e-4d72-a866-187afe6af619','65f9942c-5a39-4668-93e7-3de4c87da209','7a5161a6-c0bb-492b-ad1e-88a197b0047a',2,'PowerCatch admin','2016-08-10 08:01:30.449+02',0,0);
insert into konfigurasjon.issuetype_page (id, id_issuetype, id_page, sortorder, changed_by, changed_date, deleted, gui) values ('ed6d9403-fde9-460d-a05c-c74278fe7df3','2e3a3157-e67b-4cab-8cf1-6bf928d13417','358889bb-18b2-4848-8d17-07a686a1eaad',7,'PowerCatch admin','2016-08-10 08:03:01.854+02',0,0);
insert into konfigurasjon.issuetype_page (id, id_issuetype, id_page, sortorder, changed_by, changed_date, deleted, gui) values ('f6d9c8cc-fd28-4510-895a-c7c48235b783','2e3a3157-e67b-4cab-8cf1-6bf928d13417','86274906-4396-4717-949e-ded42f6fedab',1,'PowerCatch admin','2016-08-10 08:03:01.839+02',0,0);
insert into konfigurasjon.issuetype_page (id, id_issuetype, id_page, sortorder, changed_by, changed_date, deleted, gui) values ('82c20fb9-118b-4a2e-85fe-be5a7c46a383','2e3a3157-e67b-4cab-8cf1-6bf928d13417','93c54497-e45f-4d62-bfb1-040c754e5521',6,'PowerCatch admin','2016-08-10 08:03:01.854+02',0,0);
insert into konfigurasjon.issuetype_page (id, id_issuetype, id_page, sortorder, changed_by, changed_date, deleted, gui) values ('4a4a1771-4e30-4625-a962-fd4147d799c6','2e3a3157-e67b-4cab-8cf1-6bf928d13417','7cf691b0-d8b7-4a0c-a855-ec1610afcb38',3,'PowerCatch admin','2016-08-10 08:03:01.854+02',0,0);
insert into konfigurasjon.issuetype_page (id, id_issuetype, id_page, sortorder, changed_by, changed_date, deleted, gui) values ('b5661f18-e048-4a36-8ea0-65169fa5015e','2e3a3157-e67b-4cab-8cf1-6bf928d13417','b8be4294-433d-4db7-b5e2-d57e298b912e',4,'PowerCatch admin','2016-08-10 08:03:01.854+02',0,0);
insert into konfigurasjon.issuetype_page (id, id_issuetype, id_page, sortorder, changed_by, changed_date, deleted, gui) values ('f6e209dc-dee1-498a-bb81-8d403d94cd88','2e3a3157-e67b-4cab-8cf1-6bf928d13417','903cf208-94eb-4e6c-a63a-ace5eb161025',5,'PowerCatch admin','2016-08-10 08:03:01.854+02',0,0);
insert into konfigurasjon.issuetype_page (id, id_issuetype, id_page, sortorder, changed_by, changed_date, deleted, gui) values ('7980ddaf-e366-4414-a2c0-b36df6f20e5c','2e3a3157-e67b-4cab-8cf1-6bf928d13417','7a5161a6-c0bb-492b-ad1e-88a197b0047a',2,'PowerCatch admin','2016-08-10 08:03:01.854+02',0,0);
insert into konfigurasjon.issuetype_page (id, id_issuetype, id_page, sortorder, changed_by, changed_date, deleted, gui) values ('1715da23-2b84-4f9b-a7b2-4478ac93842d','2e3a3157-e67b-4cab-8cf1-6bf928d13417','f3b63b5a-9b9f-473e-a165-6a3f537b0989',8,'PowerCatch admin','2016-08-10 08:03:01.87+02',0,0);

-- nye felter fra PC-3547
insert into konfigurasjon.fieldproperty (id, label, editable, required, checkboxvalidationid, id_field, hidden, scannable, hide_values, cross_validation, dependency_field, changed_by, changed_date, deleted, gui) values ('69509197-3228-4a30-aebb-6404b7ce7220',NULL,0,0,NULL,'8e1dd386-ff2d-43c0-b52c-b9906896edcb',0,NULL,0,0,NULL,'PowerCatch admin','2016-08-12 14:01:04.818+02',0,0);
insert into konfigurasjon.field (id, nbr, name, customfieldid, changed_by, changed_date, deleted, gui) values ('21d388ab-3302-4246-b015-61649ef6dba5',NULL,'PC_230VAC_CONNECTION',NULL,'PowerCatch admin','2016-08-12 14:01:34.873+02',0,0);
insert into konfigurasjon.fieldproperty (id, label, editable, required, checkboxvalidationid, id_field, hidden, scannable, hide_values, cross_validation, dependency_field, changed_by, changed_date, deleted, gui) values ('2cab3cd4-5a27-4653-9010-862538e07d40',NULL,0,0,NULL,'21d388ab-3302-4246-b015-61649ef6dba5',0,NULL,0,0,NULL,'PowerCatch admin','2016-08-12 14:01:41.325+02',0,0);
insert into konfigurasjon.field (id, nbr, name, customfieldid, changed_by, changed_date, deleted, gui) values ('cad1f66f-7855-48db-86fb-738ad4102d25',NULL,'PC_TRAFO_CLASS',NULL,'PowerCatch admin','2016-08-12 14:01:57.262+02',0,0);
insert into konfigurasjon.fieldproperty (id, label, editable, required, checkboxvalidationid, id_field, hidden, scannable, hide_values, cross_validation, dependency_field, changed_by, changed_date, deleted, gui) values ('6b930a25-ff35-43bd-b0ad-4948197a4444',NULL,0,0,NULL,'cad1f66f-7855-48db-86fb-738ad4102d25',0,NULL,0,0,NULL,'PowerCatch admin','2016-08-12 14:02:01.651+02',0,0);
insert into konfigurasjon.field (id, nbr, name, customfieldid, changed_by, changed_date, deleted, gui) values ('f12ea06c-cf1f-4655-9bd1-94f61f149b04',NULL,'PC_ROUTER_PORT',NULL,'PowerCatch admin','2016-08-12 14:02:17.164+02',0,0);
insert into konfigurasjon.fieldproperty (id, label, editable, required, checkboxvalidationid, id_field, hidden, scannable, hide_values, cross_validation, dependency_field, changed_by, changed_date, deleted, gui) values ('522e0be1-5f3b-476c-b811-f7d2474da76b',NULL,0,0,NULL,'f12ea06c-cf1f-4655-9bd1-94f61f149b04',0,NULL,0,0,NULL,'PowerCatch admin','2016-08-12 14:02:21.592+02',0,0);
insert into konfigurasjon.field (id, nbr, name, customfieldid, changed_by, changed_date, deleted, gui) values ('5647c375-cca3-47c9-aed6-a5cd98f7ac7d',NULL,'PC_EL_CONNECTION',NULL,'PowerCatch admin','2016-08-12 14:02:39.944+02',0,0);
insert into konfigurasjon.fieldproperty (id, label, editable, required, checkboxvalidationid, id_field, hidden, scannable, hide_values, cross_validation, dependency_field, changed_by, changed_date, deleted, gui) values ('54082ffc-c1ef-46d3-82cb-9e019c5b89cc',NULL,0,0,NULL,'5647c375-cca3-47c9-aed6-a5cd98f7ac7d',0,NULL,0,0,NULL,'PowerCatch admin','2016-08-12 14:02:44.775+02',0,0);
insert into konfigurasjon.page_fieldproperty (id, id_page, id_fieldproperty, sortorder, changed_by, changed_date, deleted, gui) values ('5aa2d683-800a-4fc8-8bfe-e0ff9b3efa87','b8be4294-433d-4db7-b5e2-d57e298b912e','69509197-3228-4a30-aebb-6404b7ce7220',8,'PowerCatch admin','2016-08-12 14:03:39.562+02',0,0);
update konfigurasjon.page_fieldproperty set id_page = 'b8be4294-433d-4db7-b5e2-d57e298b912e', id_fieldproperty = 'dd5f2498-1ab8-44de-95ee-2c6e6a425bae', sortorder = 9, changed_by = 'PowerCatch admin', changed_date = '2016-08-12 14:03:39.569+02', deleted = 0, gui = 0 where id = '1c90b730-eb61-4dc2-9a25-205a387f75f3';
update konfigurasjon.page_fieldproperty set id_page = 'b8be4294-433d-4db7-b5e2-d57e298b912e', id_fieldproperty = '38524e19-381b-48cd-9d9c-a899ba42888f', sortorder = 15, changed_by = 'PowerCatch admin', changed_date = '2016-08-12 14:03:39.587+02', deleted = 0, gui = 0 where id = 'dcda7631-45d1-4070-8efb-34925b4c3cc7';
update konfigurasjon.page_fieldproperty set id_page = 'b8be4294-433d-4db7-b5e2-d57e298b912e', id_fieldproperty = '7e2d17e5-1f1b-4ad8-86cc-7aacda1b79ac', sortorder = 11, changed_by = 'PowerCatch admin', changed_date = '2016-08-12 14:03:39.576+02', deleted = 0, gui = 0 where id = '170688cb-6ad9-4eb4-875d-2f8661763165';
update konfigurasjon.page_fieldproperty set id_page = 'b8be4294-433d-4db7-b5e2-d57e298b912e', id_fieldproperty = '9a628298-f9f8-42b2-b8de-c64270361943', sortorder = 12, changed_by = 'PowerCatch admin', changed_date = '2016-08-12 14:03:39.579+02', deleted = 0, gui = 0 where id = '4087c3b5-0e1f-40b2-8bd4-5fad07a0b808';
update konfigurasjon.page_fieldproperty set id_page = 'b8be4294-433d-4db7-b5e2-d57e298b912e', id_fieldproperty = '2a8e37ae-fe04-400d-bec0-17cda1ee4dc7', sortorder = 13, changed_by = 'PowerCatch admin', changed_date = '2016-08-12 14:03:39.581+02', deleted = 0, gui = 0 where id = 'f794bb1f-87cb-4603-be0d-bfe46e6ab793';
update konfigurasjon.page_fieldproperty set id_page = 'b8be4294-433d-4db7-b5e2-d57e298b912e', id_fieldproperty = 'ad7c0bfe-a713-4fa4-a121-533753eadacb', sortorder = 14, changed_by = 'PowerCatch admin', changed_date = '2016-08-12 14:03:39.584+02', deleted = 0, gui = 0 where id = 'a6dfb731-298d-4a73-bc55-518b6370dd3e';
update konfigurasjon.page_fieldproperty set id_page = 'b8be4294-433d-4db7-b5e2-d57e298b912e', id_fieldproperty = 'ee43575b-c6be-49c2-80cf-b99b59fe6254', sortorder = 10, changed_by = 'PowerCatch admin', changed_date = '2016-08-12 14:03:39.573+02', deleted = 0, gui = 0 where id = '788eef19-7938-4a6e-a496-d910282c7553';
insert into konfigurasjon.page_fieldproperty (id, id_page, id_fieldproperty, sortorder, changed_by, changed_date, deleted, gui) values ('e5368f28-60b5-410c-8726-6c1298b5204b','b8be4294-433d-4db7-b5e2-d57e298b912e','522e0be1-5f3b-476c-b811-f7d2474da76b',18,'PowerCatch admin','2016-08-12 14:04:35.252+02',0,0);
insert into konfigurasjon.page_fieldproperty (id, id_page, id_fieldproperty, sortorder, changed_by, changed_date, deleted, gui) values ('1decbc86-09b4-4966-b50a-5fb9dda3a632','b8be4294-433d-4db7-b5e2-d57e298b912e','2cab3cd4-5a27-4653-9010-862538e07d40',16,'PowerCatch admin','2016-08-12 14:04:35.234+02',0,0);
insert into konfigurasjon.page_fieldproperty (id, id_page, id_fieldproperty, sortorder, changed_by, changed_date, deleted, gui) values ('7a4cf6db-ed5d-4f75-a5ad-0d17c926a7ad','b8be4294-433d-4db7-b5e2-d57e298b912e','6b930a25-ff35-43bd-b0ad-4948197a4444',17,'PowerCatch admin','2016-08-12 14:04:35.249+02',0,0);
insert into konfigurasjon.page_fieldproperty (id, id_page, id_fieldproperty, sortorder, changed_by, changed_date, deleted, gui) values ('879a8c69-2c6a-4e6a-8699-c290ed04b3cd','b8be4294-433d-4db7-b5e2-d57e298b912e','54082ffc-c1ef-46d3-82cb-9e019c5b89cc',19,'PowerCatch admin','2016-08-12 14:04:35.255+02',0,0);

-- PC-3569
insert into konfigurasjon.field (id, nbr, name, customfieldid, changed_by, changed_date, deleted, gui) values ('425a8d63-c453-423b-987b-62eea429f9ca',NULL,'PC_COMPOINT_PLACEMENT_CODE',NULL,'PowerCatch admin','2016-08-15 14:03:02.22+02',0,0);
insert into konfigurasjon.fieldproperty (id, label, editable, required, checkboxvalidationid, id_field, hidden, scannable, hide_values, cross_validation, dependency_field, changed_by, changed_date, deleted, gui) values ('03f7b921-0cf6-4729-b2e0-5205fb33ac14',NULL,0,0,NULL,'425a8d63-c453-423b-987b-62eea429f9ca',0,NULL,0,0,NULL,'PowerCatch admin','2016-08-15 14:03:12.485+02',0,0);
insert into konfigurasjon.field (id, nbr, name, customfieldid, changed_by, changed_date, deleted, gui) values ('1a098740-3112-4806-900e-93b9d0ed9817',NULL,'PC_COMPOINT_ENTRANCE_DESCRIPTION',NULL,'PowerCatch admin','2016-08-15 14:03:47.826+02',0,0);
insert into konfigurasjon.fieldproperty (id, label, editable, required, checkboxvalidationid, id_field, hidden, scannable, hide_values, cross_validation, dependency_field, changed_by, changed_date, deleted, gui) values ('0aa40c09-0c3e-4c97-b3d1-f7d9fae2a471',NULL,0,0,NULL,'1a098740-3112-4806-900e-93b9d0ed9817',0,NULL,0,0,NULL,'PowerCatch admin','2016-08-15 14:03:52.767+02',0,0);
delete from konfigurasjon.page_fieldproperty where id = '6f83ba30-37e1-4a58-84ea-6ecbb19c2001';
delete from konfigurasjon.page_fieldproperty where id = '01042b61-ddaa-4058-a5c6-10a66e18e64a';
delete from konfigurasjon.page_fieldproperty where id = 'ef0fdf21-60c0-441c-b74d-97b92873b434';
delete from konfigurasjon.page_fieldproperty where id = '0b23b986-bcaa-43ed-82b8-0318b353bef9';
delete from konfigurasjon.page_fieldproperty where id = '20ebfedf-e705-45ab-87e5-55264eb93219';
delete from konfigurasjon.page_fieldproperty where id = '75e6a14e-44de-46f1-b682-10628f5dd1fc';
insert into konfigurasjon.page_fieldproperty (id, id_page, id_fieldproperty, sortorder, changed_by, changed_date, deleted, gui) values ('d7bcf65c-00b7-41e1-9f55-23bd4e08c961','2b7b78f9-ebee-4780-aef2-dadf4b080d95','03f7b921-0cf6-4729-b2e0-5205fb33ac14',9,'PowerCatch admin','2016-08-15 14:06:17.218+02',0,0);
update konfigurasjon.page_fieldproperty set id_page = '2b7b78f9-ebee-4780-aef2-dadf4b080d95', id_fieldproperty = '9a628298-f9f8-42b2-b8de-c64270361943', sortorder = 8, changed_by = 'PowerCatch admin', changed_date = '2016-08-15 14:06:17.223+02', deleted = 0, gui = 0 where id = '63b1f9f3-1ed6-407b-a8e8-1d4f5b0c6ca1';
insert into konfigurasjon.page_fieldproperty (id, id_page, id_fieldproperty, sortorder, changed_by, changed_date, deleted, gui) values ('452d03d8-4029-47f8-b68f-0c004961ac21','2b7b78f9-ebee-4780-aef2-dadf4b080d95','acf6693d-2877-49d4-883c-edc9545a5048',10,'PowerCatch admin','2016-08-15 14:06:17.226+02',0,0);
insert into konfigurasjon.page_fieldproperty (id, id_page, id_fieldproperty, sortorder, changed_by, changed_date, deleted, gui) values ('7a1909cd-1298-443d-b5c0-8e34851c7891','2b7b78f9-ebee-4780-aef2-dadf4b080d95','0aa40c09-0c3e-4c97-b3d1-f7d9fae2a471',11,'PowerCatch admin','2016-08-15 14:06:17.229+02',0,0);
delete from konfigurasjon.page_fieldproperty where id = '1c90b730-eb61-4dc2-9a25-205a387f75f3';
delete from konfigurasjon.page_fieldproperty where id = '788eef19-7938-4a6e-a496-d910282c7553';
delete from konfigurasjon.page_fieldproperty where id = '170688cb-6ad9-4eb4-875d-2f8661763165';
delete from konfigurasjon.page_fieldproperty where id = 'f794bb1f-87cb-4603-be0d-bfe46e6ab793';
delete from konfigurasjon.page_fieldproperty where id = 'a6dfb731-298d-4a73-bc55-518b6370dd3e';
delete from konfigurasjon.page_fieldproperty where id = 'dcda7631-45d1-4070-8efb-34925b4c3cc7';
insert into konfigurasjon.page_fieldproperty (id, id_page, id_fieldproperty, sortorder, changed_by, changed_date, deleted, gui) values ('69ab220e-2264-418a-8168-b32c065787ea','b8be4294-433d-4db7-b5e2-d57e298b912e','acf6693d-2877-49d4-883c-edc9545a5048',11,'PowerCatch admin','2016-08-15 14:08:21.449+02',0,0);
insert into konfigurasjon.page_fieldproperty (id, id_page, id_fieldproperty, sortorder, changed_by, changed_date, deleted, gui) values ('d04d3b6f-66b7-4316-9b81-8e32b38ac1de','b8be4294-433d-4db7-b5e2-d57e298b912e','03f7b921-0cf6-4729-b2e0-5205fb33ac14',10,'PowerCatch admin','2016-08-15 14:08:21.417+02',0,0);
update konfigurasjon.page_fieldproperty set id_page = 'b8be4294-433d-4db7-b5e2-d57e298b912e', id_fieldproperty = '9a628298-f9f8-42b2-b8de-c64270361943', sortorder = 9, changed_by = 'PowerCatch admin', changed_date = '2016-08-15 14:08:21.434+02', deleted = 0, gui = 0 where id = '4087c3b5-0e1f-40b2-8bd4-5fad07a0b808';
update konfigurasjon.page_fieldproperty set id_page = 'b8be4294-433d-4db7-b5e2-d57e298b912e', id_fieldproperty = '2cab3cd4-5a27-4653-9010-862538e07d40', sortorder = 13, changed_by = 'PowerCatch admin', changed_date = '2016-08-15 14:08:21.438+02', deleted = 0, gui = 0 where id = '1decbc86-09b4-4966-b50a-5fb9dda3a632';
update konfigurasjon.page_fieldproperty set id_page = 'b8be4294-433d-4db7-b5e2-d57e298b912e', id_fieldproperty = '6b930a25-ff35-43bd-b0ad-4948197a4444', sortorder = 14, changed_by = 'PowerCatch admin', changed_date = '2016-08-15 14:08:21.441+02', deleted = 0, gui = 0 where id = '7a4cf6db-ed5d-4f75-a5ad-0d17c926a7ad';
update konfigurasjon.page_fieldproperty set id_page = 'b8be4294-433d-4db7-b5e2-d57e298b912e', id_fieldproperty = '522e0be1-5f3b-476c-b811-f7d2474da76b', sortorder = 15, changed_by = 'PowerCatch admin', changed_date = '2016-08-15 14:08:21.443+02', deleted = 0, gui = 0 where id = 'e5368f28-60b5-410c-8726-6c1298b5204b';
update konfigurasjon.page_fieldproperty set id_page = 'b8be4294-433d-4db7-b5e2-d57e298b912e', id_fieldproperty = '54082ffc-c1ef-46d3-82cb-9e019c5b89cc', sortorder = 16, changed_by = 'PowerCatch admin', changed_date = '2016-08-15 14:08:21.446+02', deleted = 0, gui = 0 where id = '879a8c69-2c6a-4e6a-8699-c290ed04b3cd';
insert into konfigurasjon.page_fieldproperty (id, id_page, id_fieldproperty, sortorder, changed_by, changed_date, deleted, gui) values ('98992be2-5101-4219-b41b-468e72cfa9ad','b8be4294-433d-4db7-b5e2-d57e298b912e','0aa40c09-0c3e-4c97-b3d1-f7d9fae2a471',12,'PowerCatch admin','2016-08-15 14:08:21.452+02',0,0);

-- PC-3572
delete from konfigurasjon.page_fieldproperty where id = '8415afb7-3c24-4db8-9699-48dc10040955';
update konfigurasjon.page_fieldproperty set id_page = '2b7b78f9-ebee-4780-aef2-dadf4b080d95', id_fieldproperty = 'acf6693d-2877-49d4-883c-edc9545a5048', sortorder = 11, changed_by = 'PowerCatch admin', changed_date = '2016-08-17 14:38:58.515+02', deleted = 0, gui = 0 where id = '452d03d8-4029-47f8-b68f-0c004961ac21';
insert into konfigurasjon.page_fieldproperty (id, id_page, id_fieldproperty, sortorder, changed_by, changed_date, deleted, gui) values ('4a4e3736-991e-49c6-baaa-198703c93773','2b7b78f9-ebee-4780-aef2-dadf4b080d95','53afb835-7716-4b3e-9027-ccce5530c373',7,'PowerCatch admin','2016-08-17 14:38:58.496+02',0,0);
insert into konfigurasjon.page_fieldproperty (id, id_page, id_fieldproperty, sortorder, changed_by, changed_date, deleted, gui) values ('c4d38a66-fe48-4c3c-837e-e6a5290d315a','2b7b78f9-ebee-4780-aef2-dadf4b080d95','639c023e-1fe9-410f-9dd0-2e733f8b8120',8,'PowerCatch admin','2016-08-17 14:38:58.501+02',0,0);
update konfigurasjon.page_fieldproperty set id_page = '2b7b78f9-ebee-4780-aef2-dadf4b080d95', id_fieldproperty = '9a628298-f9f8-42b2-b8de-c64270361943', sortorder = 9, changed_by = 'PowerCatch admin', changed_date = '2016-08-17 14:38:58.505+02', deleted = 0, gui = 0 where id = '63b1f9f3-1ed6-407b-a8e8-1d4f5b0c6ca1';
update konfigurasjon.page_fieldproperty set id_page = '2b7b78f9-ebee-4780-aef2-dadf4b080d95', id_fieldproperty = '03f7b921-0cf6-4729-b2e0-5205fb33ac14', sortorder = 10, changed_by = 'PowerCatch admin', changed_date = '2016-08-17 14:38:58.511+02', deleted = 0, gui = 0 where id = 'd7bcf65c-00b7-41e1-9f55-23bd4e08c961';
update konfigurasjon.page_fieldproperty set id_page = '2b7b78f9-ebee-4780-aef2-dadf4b080d95', id_fieldproperty = '0aa40c09-0c3e-4c97-b3d1-f7d9fae2a471', sortorder = 12, changed_by = 'PowerCatch admin', changed_date = '2016-08-17 14:38:58.518+02', deleted = 0, gui = 0 where id = '7a1909cd-1298-443d-b5c0-8e34851c7891';

-- PC-3574
insert into konfigurasjon.field (id, nbr, name, customfieldid, changed_by, changed_date, deleted, gui) values ('0b6f092f-7d73-40ee-8911-5ca22e8391e7',NULL,'PC_INVOICE_CUSTOMER_NAME',NULL,'PowerCatch admin','2016-08-18 08:35:16.592+02',0,0);
insert into konfigurasjon.fieldproperty (id, label, editable, required, checkboxvalidationid, id_field, hidden, scannable, hide_values, cross_validation, dependency_field, changed_by, changed_date, deleted, gui) values ('16891c56-4632-4498-a8aa-bcad6081e2e6',NULL,0,0,NULL,'0b6f092f-7d73-40ee-8911-5ca22e8391e7',0,NULL,0,0,NULL,'PowerCatch admin','2016-08-18 08:35:24.88+02',0,0);
delete from konfigurasjon.page_fieldproperty where id = '8784e66e-f58b-4805-8f0d-39c99e3b81da';
delete from konfigurasjon.page_fieldproperty where id = '5d852dc5-0dd4-4bdd-a221-5b2ad87d26cd';
delete from konfigurasjon.page_fieldproperty where id = 'dfd70b5d-31b0-4e84-8756-d425ab79e211';
update konfigurasjon.page_fieldproperty set id_page = '7a5161a6-c0bb-492b-ad1e-88a197b0047a', id_fieldproperty = '23861b45-c21c-489c-810f-4e7fbb757b86', sortorder = 8, changed_by = 'PowerCatch admin', changed_date = '2016-08-18 08:38:42.889+02', deleted = 0, gui = 0 where id = '07aec799-f44e-40cb-b3ca-e557a8fba66e';
insert into konfigurasjon.page_fieldproperty (id, id_page, id_fieldproperty, sortorder, changed_by, changed_date, deleted, gui) values ('32711fe0-5833-4ef3-b7ae-4f92f6ba0609','7a5161a6-c0bb-492b-ad1e-88a197b0047a','16891c56-4632-4498-a8aa-bcad6081e2e6',1,'PowerCatch admin','2016-08-18 08:38:42.868+02',0,0);
update konfigurasjon.page_fieldproperty set id_page = '7a5161a6-c0bb-492b-ad1e-88a197b0047a', id_fieldproperty = 'c5c12e44-24ba-412b-a430-51b132432aa0', sortorder = 3, changed_by = 'PowerCatch admin', changed_date = '2016-08-18 08:38:42.877+02', deleted = 0, gui = 0 where id = 'e90cf575-4da7-49d5-8bd3-b09b4e9ef922';
update konfigurasjon.page_fieldproperty set id_page = '7a5161a6-c0bb-492b-ad1e-88a197b0047a', id_fieldproperty = 'de2bb369-9847-4309-ac34-e89e47895c22', sortorder = 4, changed_by = 'PowerCatch admin', changed_date = '2016-08-18 08:38:42.879+02', deleted = 0, gui = 0 where id = '734faa89-7875-4fa8-a4ed-0628ca57e0c2';
update konfigurasjon.page_fieldproperty set id_page = '7a5161a6-c0bb-492b-ad1e-88a197b0047a', id_fieldproperty = 'a8f633de-1136-4873-9f5f-fda22871585b', sortorder = 5, changed_by = 'PowerCatch admin', changed_date = '2016-08-18 08:38:42.882+02', deleted = 0, gui = 0 where id = '2ecd54e0-4072-4308-b625-29f46dfb594d';
update konfigurasjon.page_fieldproperty set id_page = '7a5161a6-c0bb-492b-ad1e-88a197b0047a', id_fieldproperty = 'cf0e65d9-1fbc-491a-bf5f-7caa9c10339c', sortorder = 6, changed_by = 'PowerCatch admin', changed_date = '2016-08-18 08:38:42.884+02', deleted = 0, gui = 0 where id = '689d6910-22c2-4e09-9db3-8c9f9e1748c3';
update konfigurasjon.page_fieldproperty set id_page = '7a5161a6-c0bb-492b-ad1e-88a197b0047a', id_fieldproperty = 'b57499bb-3b60-49a0-b8db-9d66f2ad1c2f', sortorder = 7, changed_by = 'PowerCatch admin', changed_date = '2016-08-18 08:38:42.886+02', deleted = 0, gui = 0 where id = 'fe12810d-25b1-43e8-9260-5e5c91f2dec8';
update konfigurasjon.page_fieldproperty set id_page = '7a5161a6-c0bb-492b-ad1e-88a197b0047a', id_fieldproperty = 'c04f83db-9648-4c70-b3fb-95534d6ffc62', sortorder = 2, changed_by = 'PowerCatch admin', changed_date = '2016-08-18 08:38:42.874+02', deleted = 0, gui = 0 where id = 'b5d05b2c-501f-4dda-967f-4242eac1d80c';
update konfigurasjon.page_fieldproperty set id_page = '7a5161a6-c0bb-492b-ad1e-88a197b0047a', id_fieldproperty = 'cf5dde98-82ac-4bbb-99c9-3739e62705bf', sortorder = 9, changed_by = 'PowerCatch admin', changed_date = '2016-08-18 08:38:42.891+02', deleted = 0, gui = 0 where id = '7371788b-a3ad-4bef-9eeb-eb160e0716ad';
update konfigurasjon.page_fieldproperty set id_page = '7a5161a6-c0bb-492b-ad1e-88a197b0047a', id_fieldproperty = 'f5730100-2e15-4f72-b155-491af56fd0e5', sortorder = 10, changed_by = 'PowerCatch admin', changed_date = '2016-08-18 08:38:42.893+02', deleted = 0, gui = 0 where id = '4e6dd75a-76e8-4948-ab48-767f13170d4b';
update konfigurasjon.field set nbr = NULL, name = 'PC_CUSTOMER_FAMILY_NAME', customfieldid = NULL, changed_by = 'PowerCatch admin', changed_date = '2016-08-18 08:39:26.432+02', deleted = 1, gui = 0 where id = 'c7b91d69-ab03-426d-95a2-c0f57aa8eac9';
update konfigurasjon.fieldproperty set label = NULL, editable = 0, required = 0, checkboxvalidationid = NULL, id_field = 'c7b91d69-ab03-426d-95a2-c0f57aa8eac9', hidden = 0, scannable = NULL, hide_values = 0, cross_validation = 0, dependency_field = NULL, changed_by = 'PowerCatch admin', changed_date = '2016-08-09 13:50:15.152+02', deleted = 1, gui = 0 where id = 'b67322f0-65d7-45f8-be31-a7c911feeef1';
update konfigurasjon.field set nbr = NULL, name = 'PC_CUSTOMER_GIVEN_NAME', customfieldid = NULL, changed_by = 'PowerCatch admin', changed_date = '2016-08-18 08:39:37.748+02', deleted = 1, gui = 0 where id = '57657345-6006-479b-9d54-490e12543744';
update konfigurasjon.fieldproperty set label = NULL, editable = 0, required = 0, checkboxvalidationid = NULL, id_field = '57657345-6006-479b-9d54-490e12543744', hidden = 0, scannable = NULL, hide_values = 0, cross_validation = 0, dependency_field = NULL, changed_by = 'PowerCatch admin', changed_date = '2016-08-09 13:49:37.418+02', deleted = 1, gui = 0 where id = '54f5c19f-93c0-47d9-9def-711d9693c89b';
update konfigurasjon.field set nbr = NULL, name = 'PC_CUSTOMER_ORGANIZATION_NAME', customfieldid = NULL, changed_by = 'PowerCatch admin', changed_date = '2016-08-18 08:39:53.415+02', deleted = 1, gui = 0 where id = '167863b6-4ccf-4562-b8cd-97ac71079a94';
update konfigurasjon.fieldproperty set label = NULL, editable = 0, required = 0, checkboxvalidationid = NULL, id_field = '167863b6-4ccf-4562-b8cd-97ac71079a94', hidden = 0, scannable = NULL, hide_values = 0, cross_validation = 0, dependency_field = NULL, changed_by = 'PowerCatch admin', changed_date = '2016-08-09 13:50:44.565+02', deleted = 1, gui = 0 where id = 'a140667f-905b-4ae8-ba3d-f16797d3777a';
update konfigurasjon.field set nbr = NULL, name = 'PC_COMPOINT_COMMUNICATION_TYPE', customfieldid = NULL, changed_by = 'PowerCatch admin', changed_date = '2016-08-18 08:41:46.915+02', deleted = 0, gui = 0 where id = '754e0e4d-99ff-47e4-9124-991cc827b455';

-- PC3576
insert into konfigurasjon.page_fieldproperty (id, id_page, id_fieldproperty, sortorder, changed_by, changed_date, deleted, gui) values ('8df1a777-32fe-4cb6-8ad6-64a5314dd136','2b7b78f9-ebee-4780-aef2-dadf4b080d95','2951cacd-2039-4936-9763-7d8870687084',13,'PowerCatch admin','2016-08-18 13:24:19.101+02',0,0);
insert into konfigurasjon.page_fieldproperty (id, id_page, id_fieldproperty, sortorder, changed_by, changed_date, deleted, gui) values ('f0ef0056-671d-4e15-976d-087c32301ba1','b8be4294-433d-4db7-b5e2-d57e298b912e','a1ea1d33-0512-4c15-a4e7-9604b8e7928f',17,'PowerCatch admin','2016-08-18 13:24:41.718+02',0,0);
insert into konfigurasjon.issuetype (id, nbr, name, project_key, new_issue_enabled, summary_field, changed_by, changed_date, deleted, drop_signature, gui) values ('5baf8e5f-170d-47a7-8f46-df9f12c8a020',NULL,'PC_ISSUETYPE_ROLLOUT_METER_CHANGE_CT',NULL,0,'summary','PowerCatch admin','2016-08-25 13:33:00.629+02',0,1,0);
insert into konfigurasjon.issuetype_page (id, id_issuetype, id_page, sortorder, changed_by, changed_date, deleted, gui) values ('7d054b6e-f634-4a1c-b42d-148f26644bf4','5baf8e5f-170d-47a7-8f46-df9f12c8a020','f3b63b5a-9b9f-473e-a165-6a3f537b0989',9,'PowerCatch admin','2016-08-25 13:36:32.53+02',0,0);
insert into konfigurasjon.issuetype_page (id, id_issuetype, id_page, sortorder, changed_by, changed_date, deleted, gui) values ('b9aedc34-e795-4fae-b723-d5ec91d4fe7f','5baf8e5f-170d-47a7-8f46-df9f12c8a020','86274906-4396-4717-949e-ded42f6fedab',1,'PowerCatch admin','2016-08-25 13:36:32.503+02',0,0);
insert into konfigurasjon.issuetype_page (id, id_issuetype, id_page, sortorder, changed_by, changed_date, deleted, gui) values ('e0952602-8a1a-439c-b531-1b45278ae106','5baf8e5f-170d-47a7-8f46-df9f12c8a020','7a5161a6-c0bb-492b-ad1e-88a197b0047a',2,'PowerCatch admin','2016-08-25 13:36:32.51+02',0,0);
insert into konfigurasjon.issuetype_page (id, id_issuetype, id_page, sortorder, changed_by, changed_date, deleted, gui) values ('2afbc783-4db6-4911-9272-a7662998539c','5baf8e5f-170d-47a7-8f46-df9f12c8a020','7cf691b0-d8b7-4a0c-a855-ec1610afcb38',3,'PowerCatch admin','2016-08-25 13:36:32.513+02',0,0);
insert into konfigurasjon.issuetype_page (id, id_issuetype, id_page, sortorder, changed_by, changed_date, deleted, gui) values ('73471466-c65f-4989-9e46-1a23b01d9594','5baf8e5f-170d-47a7-8f46-df9f12c8a020','2b7b78f9-ebee-4780-aef2-dadf4b080d95',4,'PowerCatch admin','2016-08-25 13:36:32.516+02',0,0);
insert into konfigurasjon.issuetype_page (id, id_issuetype, id_page, sortorder, changed_by, changed_date, deleted, gui) values ('c10cb441-fc1c-4c72-a1c8-d02e475d9ca9','5baf8e5f-170d-47a7-8f46-df9f12c8a020','19fb0277-a95f-4384-949c-b268c44ea2b5',5,'PowerCatch admin','2016-08-25 13:36:32.519+02',0,0);
insert into konfigurasjon.issuetype_page (id, id_issuetype, id_page, sortorder, changed_by, changed_date, deleted, gui) values ('bf3c5aa2-d3f2-4e0a-a057-d557be827267','5baf8e5f-170d-47a7-8f46-df9f12c8a020','d308e823-2fb6-434f-95a6-a88fa8c67542',6,'PowerCatch admin','2016-08-25 13:36:32.522+02',0,0);
insert into konfigurasjon.issuetype_page (id, id_issuetype, id_page, sortorder, changed_by, changed_date, deleted, gui) values ('5f501d36-f412-4697-ab5a-02cc0f72305d','5baf8e5f-170d-47a7-8f46-df9f12c8a020','93c54497-e45f-4d62-bfb1-040c754e5521',7,'PowerCatch admin','2016-08-25 13:36:32.525+02',0,0);
insert into konfigurasjon.issuetype_page (id, id_issuetype, id_page, sortorder, changed_by, changed_date, deleted, gui) values ('1fafbf2d-8861-44f7-bda4-662454410c48','5baf8e5f-170d-47a7-8f46-df9f12c8a020','a3f3f68b-d67c-4fa6-9afb-0c8750b22aa0',8,'PowerCatch admin','2016-08-25 13:36:32.528+02',0,0);

-- PC-3581
insert into konfigurasjon.page_fieldproperty (id, id_page, id_fieldproperty, sortorder, changed_by, changed_date, deleted, gui) values ('fbef1e45-7788-419e-a5a4-e26c5f6ef2c9','7a5161a6-c0bb-492b-ad1e-88a197b0047a','55254909-80a4-44a3-b5f5-4339413e6b27',13,'PowerCatch admin','2016-08-24 09:49:48.583+02',0,0);
insert into konfigurasjon.page_fieldproperty (id, id_page, id_fieldproperty, sortorder, changed_by, changed_date, deleted, gui) values ('f0235c1e-d921-499d-93c4-3f7dc220d23c','7a5161a6-c0bb-492b-ad1e-88a197b0047a','b1de6368-e72b-4db6-8d7d-9a88b5dae3d0',11,'PowerCatch admin','2016-08-24 09:49:48.574+02',0,0);
insert into konfigurasjon.page_fieldproperty (id, id_page, id_fieldproperty, sortorder, changed_by, changed_date, deleted, gui) values ('00fc6ea2-bd4c-4841-8bd3-b02becbe8c98','7a5161a6-c0bb-492b-ad1e-88a197b0047a','90fca990-9c3c-40fc-9b9f-b091cc60220b',12,'PowerCatch admin','2016-08-24 09:49:48.579+02',0,0);
insert into konfigurasjon.page_fieldproperty (id, id_page, id_fieldproperty, sortorder, changed_by, changed_date, deleted, gui) values ('2526aa5c-41a9-4240-a798-7f2c70451921','7a5161a6-c0bb-492b-ad1e-88a197b0047a','abbcbe8c-d6f3-41da-bca4-810eee92b16f',14,'PowerCatch admin','2016-08-24 09:49:48.586+02',0,0);

-- PC-3594
delete from konfigurasjon.page_fieldproperty where id = '879a8c69-2c6a-4e6a-8699-c290ed04b3cd';
update konfigurasjon.field set nbr = NULL, name = 'PC_EL_CONNECTION', customfieldid = NULL, changed_by = 'PowerCatch admin', changed_date = '2016-09-06 13:17:28.765+02', deleted = 1, gui = 0 where id = '5647c375-cca3-47c9-aed6-a5cd98f7ac7d';
update konfigurasjon.fieldproperty set label = NULL, editable = 0, required = 0, checkboxvalidationid = NULL, id_field = '5647c375-cca3-47c9-aed6-a5cd98f7ac7d', hidden = 0, scannable = NULL, hide_values = 0, cross_validation = 0, dependency_field = NULL, changed_by = 'PowerCatch admin', changed_date = '2016-08-12 14:02:44.775+02', deleted = 1, gui = 0 where id = '54082ffc-c1ef-46d3-82cb-9e019c5b89cc';

-- PC-3601
update konfigurasjon.page set nbr = 141, name = 'pc.page.existing.meter', signaturerequired = 0, commentpresent = 0, show_camera_on_page = 2, changed_by = 'PowerCatch admin', changed_date = '2016-09-09 10:12:48.718+02', deleted = 0, gui = 0 where id = '19fb0277-a95f-4384-949c-b268c44ea2b5';
update konfigurasjon.page set nbr = 142, name = 'pc.page.new.meter', signaturerequired = 0, commentpresent = 0, show_camera_on_page = 2, changed_by = 'PowerCatch admin', changed_date = '2016-09-09 10:13:00.435+02', deleted = 0, gui = 0 where id = 'd308e823-2fb6-434f-95a6-a88fa8c67542';
delete from konfigurasjon.page_fieldproperty where id = '26868536-a548-46ba-b4d0-1264c4829019';
delete from konfigurasjon.page_fieldproperty where id = 'b7d41ca8-a611-47e4-8bcc-a9d20a968880';

-- PC-3688
update konfigurasjon.page_fieldproperty set id_page = '2b7b78f9-ebee-4780-aef2-dadf4b080d95', id_fieldproperty = '0aa40c09-0c3e-4c97-b3d1-f7d9fae2a471', sortorder = 13, changed_by = 'PowerCatch admin', changed_date = '2016-10-06 15:56:00.109+02', deleted = 0, gui = 0 where id = '7a1909cd-1298-443d-b5c0-8e34851c7891';
insert into konfigurasjon.page_fieldproperty (id, id_page, id_fieldproperty, sortorder, changed_by, changed_date, deleted, gui) values ('0472256d-67d6-452a-aa93-77324e543a14','2b7b78f9-ebee-4780-aef2-dadf4b080d95','8d1660bb-34c2-4384-ad36-61fe985238b8',5,'PowerCatch admin','2016-10-06 15:56:00.079+02',0,0);
update konfigurasjon.page_fieldproperty set id_page = '2b7b78f9-ebee-4780-aef2-dadf4b080d95', id_fieldproperty = '880ae0f5-639b-47ac-b7ce-8b9631ab8cee', sortorder = 6, changed_by = 'PowerCatch admin', changed_date = '2016-10-06 15:56:00.09+02', deleted = 0, gui = 0 where id = '39783485-a10b-4f7e-babf-456207d459e7';
update konfigurasjon.page_fieldproperty set id_page = '2b7b78f9-ebee-4780-aef2-dadf4b080d95', id_fieldproperty = '29c2cc80-228b-4c57-bedc-eb394f729598', sortorder = 7, changed_by = 'PowerCatch admin', changed_date = '2016-10-06 15:56:00.094+02', deleted = 0, gui = 0 where id = '96738105-6f54-4c2c-b902-85ec43f10e3a';
update konfigurasjon.page_fieldproperty set id_page = '2b7b78f9-ebee-4780-aef2-dadf4b080d95', id_fieldproperty = '53afb835-7716-4b3e-9027-ccce5530c373', sortorder = 8, changed_by = 'PowerCatch admin', changed_date = '2016-10-06 15:56:00.096+02', deleted = 0, gui = 0 where id = '4a4e3736-991e-49c6-baaa-198703c93773';
update konfigurasjon.page_fieldproperty set id_page = '2b7b78f9-ebee-4780-aef2-dadf4b080d95', id_fieldproperty = '639c023e-1fe9-410f-9dd0-2e733f8b8120', sortorder = 9, changed_by = 'PowerCatch admin', changed_date = '2016-10-06 15:56:00.099+02', deleted = 0, gui = 0 where id = 'c4d38a66-fe48-4c3c-837e-e6a5290d315a';
update konfigurasjon.page_fieldproperty set id_page = '2b7b78f9-ebee-4780-aef2-dadf4b080d95', id_fieldproperty = '9a628298-f9f8-42b2-b8de-c64270361943', sortorder = 10, changed_by = 'PowerCatch admin', changed_date = '2016-10-06 15:56:00.101+02', deleted = 0, gui = 0 where id = '63b1f9f3-1ed6-407b-a8e8-1d4f5b0c6ca1';
update konfigurasjon.page_fieldproperty set id_page = '2b7b78f9-ebee-4780-aef2-dadf4b080d95', id_fieldproperty = '03f7b921-0cf6-4729-b2e0-5205fb33ac14', sortorder = 11, changed_by = 'PowerCatch admin', changed_date = '2016-10-06 15:56:00.104+02', deleted = 0, gui = 0 where id = 'd7bcf65c-00b7-41e1-9f55-23bd4e08c961';
update konfigurasjon.page_fieldproperty set id_page = '2b7b78f9-ebee-4780-aef2-dadf4b080d95', id_fieldproperty = 'acf6693d-2877-49d4-883c-edc9545a5048', sortorder = 12, changed_by = 'PowerCatch admin', changed_date = '2016-10-06 15:56:00.106+02', deleted = 0, gui = 0 where id = '452d03d8-4029-47f8-b68f-0c004961ac21';
update konfigurasjon.page_fieldproperty set id_page = '2b7b78f9-ebee-4780-aef2-dadf4b080d95', id_fieldproperty = '2951cacd-2039-4936-9763-7d8870687084', sortorder = 14, changed_by = 'PowerCatch admin', changed_date = '2016-10-06 15:56:00.111+02', deleted = 0, gui = 0 where id = '8df1a777-32fe-4cb6-8ad6-64a5314dd136';

--
update konfigurasjon.fieldproperty set label = NULL, editable = 1, required = 1, checkboxvalidationid = NULL, id_field = '44157c6c-a6b5-46f1-8785-9f5b20f782f2', hidden = 0, scannable = 0, hide_values = 0, cross_validation = 0, dependency_field = NULL, changed_by = 'PowerCatch admin', changed_date = '2016-11-02 22:05:56.063+01', deleted = 0, gui = 0 where id = 'f7a81587-7381-451a-a7f4-8eaf6c66cf9b';
delete from konfigurasjon.issuetype_page where id = '78a65757-b531-416b-9579-bcf5e7b1cfd0';
delete from konfigurasjon.fieldproperty where id = '2802bf3b-089c-4657-9d00-c9e98c568503';
delete from konfigurasjon.issuetype_page where id = '57fb4b35-79f2-4e18-a187-1d92dafd85cb';
delete from konfigurasjon.page_fieldproperty where id = 'e47d28c2-da9c-4e1c-bf75-c2b7452f3f18';
delete from konfigurasjon.page_fieldproperty where id = '9ad4d7c5-b64c-49fa-a8da-a57df15b4e2e';
delete from konfigurasjon.page_fieldproperty where id = '574907c8-0c0c-4a4a-b6aa-7a53ca0004a3';
delete from konfigurasjon.field where id = '8500a60c-31d6-4ea8-a53f-236203a004a2';
delete from konfigurasjon.fieldproperty where id = '2802bf3b-089c-4657-9d00-c9e98c568503';
update konfigurasjon.issuetype set nbr = NULL, name = 'PC_ISSUETYPE_ROLLOUT_METER_CHANGE_CT', project_key = 'PPEN,PPTO,PPTRE,PPFIRE,PPFEM', new_issue_enabled = 0, summary_field = 'summary', changed_by = 'PowerCatch admin', changed_date = '2016-08-08 11:10:28.675+02', deleted = 1, drop_signature = 1, gui = 0 where id = 'e028f89b-ef46-4c25-9929-d504b6fbbadb';
update konfigurasjon.issuetype set nbr = NULL, name = 'PC_ISSUETYPE_ROLLOUT_SUBSTATION_NEW_MASTER', project_key = 'PPEN,PPTO,PPTRE,PPFIRE,PPFEM', new_issue_enabled = 0, summary_field = 'summary', changed_by = 'PowerCatch admin', changed_date = '2016-08-08 11:10:28.769+02', deleted = 1, drop_signature = 1, gui = 0 where id = '53fd5fb9-c750-490c-aafa-619d2d68e923';
update konfigurasjon.issuetype set nbr = NULL, name = 'PC_ISSUETYPE_ROLLOUT_METER_CHANGE', project_key = 'PPEN,BKK,SOK,HKN', new_issue_enabled = 0, summary_field = 'summary', changed_by = 'PowerCatch admin', changed_date = '2016-09-29 16:34:20.196+02', deleted = 0, drop_signature = 1, gui = 0 where id = '65f9942c-5a39-4668-93e7-3de4c87da209';
update konfigurasjon.issuetype set nbr = NULL, name = 'PC_ISSUETYPE_ROLLOUT_SUBSTATION_NEW_CONCENTRATOR', project_key = 'PPEN,BKK,SOK,HKN', new_issue_enabled = 0, summary_field = 'summary', changed_by = 'PowerCatch admin', changed_date = '2016-09-29 16:34:20.203+02', deleted = 0, drop_signature = 1, gui = 0 where id = '2e3a3157-e67b-4cab-8cf1-6bf928d13417';
update konfigurasjon.issuetype set nbr = NULL, name = 'PC_ISSUETYPE_ROLLOUT_METER_CHANGE_CT', project_key = 'PPEN,BKK,SOK,HKN', new_issue_enabled = 0, summary_field = 'summary', changed_by = 'PowerCatch admin', changed_date = '2016-09-29 16:34:20.201+02', deleted = 0, drop_signature = 1, gui = 0 where id = '5baf8e5f-170d-47a7-8f46-df9f12c8a020';
delete from konfigurasjon.field where id = 'edc14f8d-ef20-9600-251c-2cd5e6ef18c5';
delete from konfigurasjon.page_fieldproperty where id = '0eb6c76c-04a3-0a89-53de-2815b71a0747';
delete from konfigurasjon.fieldproperty where id = 'b1400988-c593-d93a-76e5-b4eec73bbcc7';

-- PC-3744


-- PC-3757
update konfigurasjon.fieldproperty set label = NULL, editable = 1, required = 0, checkboxvalidationid = NULL, id_field = '425a8d63-c453-423b-987b-62eea429f9ca', hidden = 0, scannable = NULL, hide_values = 0, cross_validation = 0, dependency_field = NULL, changed_by = 'PowerCatch admin', changed_date = '2016-11-07 11:03:15.501+01', deleted = 0, gui = 0 where id = '03f7b921-0cf6-4729-b2e0-5205fb33ac14';
update konfigurasjon.fieldproperty set label = NULL, editable = 1, required = 0, checkboxvalidationid = NULL, id_field = '2f37d340-75ba-48f7-9e95-fc7eec9f0212', hidden = 0, scannable = 0, hide_values = 0, cross_validation = 0, dependency_field = NULL, changed_by = 'PowerCatch admin', changed_date = '2016-11-07 11:03:32.883+01', deleted = 0, gui = 0 where id = 'acf6693d-2877-49d4-883c-edc9545a5048';
update konfigurasjon.fieldproperty set label = NULL, editable = 1, required = 0, checkboxvalidationid = NULL, id_field = '1a098740-3112-4806-900e-93b9d0ed9817', hidden = 0, scannable = NULL, hide_values = 0, cross_validation = 0, dependency_field = NULL, changed_by = 'PowerCatch admin', changed_date = '2016-11-07 11:03:56.122+01', deleted = 0, gui = 0 where id = '0aa40c09-0c3e-4c97-b3d1-f7d9fae2a471';

-- PC-3763
insert into konfigurasjon.field (id, nbr, name, customfieldid, changed_by, changed_date, deleted, gui) values ('a871ff58-2480-409d-ac5b-aea7d16be055',NULL,'PC_OVERVOLTAGE_FUSESIZE',NULL,'PowerCatch admin','2016-11-10 10:42:18.85+01',0,0);
insert into konfigurasjon.fieldproperty (id, label, editable, required, checkboxvalidationid, id_field, hidden, scannable, hide_values, cross_validation, dependency_field, changed_by, changed_date, deleted, gui) values ('faa6b12c-1d81-4d8d-a2be-03c1b977dbf7',NULL,1,0,NULL,'a871ff58-2480-409d-ac5b-aea7d16be055',0,NULL,0,0,NULL,'PowerCatch admin','2016-11-10 10:42:34.074+01',0,0);
insert into konfigurasjon.page_fieldproperty (id, id_page, id_fieldproperty, sortorder, changed_by, changed_date, deleted, gui) values ('fe365d10-b265-428d-9829-d0faa0c07f16','2b7b78f9-ebee-4780-aef2-dadf4b080d95','faa6b12c-1d81-4d8d-a2be-03c1b977dbf7',15,'PowerCatch admin','2016-11-10 10:43:03.009+01',0,0);
insert into konfigurasjon.page_fieldproperty (id, id_page, id_fieldproperty, sortorder, changed_by, changed_date, deleted, gui) values ('316db51a-df1e-4c8d-a284-af16d4dcc583','b8be4294-433d-4db7-b5e2-d57e298b912e','faa6b12c-1d81-4d8d-a2be-03c1b977dbf7',17,'PowerCatch admin','2016-11-10 10:43:28.973+01',0,0);
update konfigurasjon.page_fieldproperty set id_page = 'b8be4294-433d-4db7-b5e2-d57e298b912e', id_fieldproperty = 'a1ea1d33-0512-4c15-a4e7-9604b8e7928f', sortorder = 16, changed_by = 'PowerCatch admin', changed_date = '2016-11-10 10:43:28.977+01', deleted = 0, gui = 0 where id = 'f0ef0056-671d-4e15-976d-087c32301ba1';

-- PC-3782
update konfigurasjon.field set nbr = NULL, name = 'PC_COMPOINT_PHASES_NEW', customfieldid = NULL, changed_by = 'PowerCatch admin', changed_date = '2016-11-17 08:27:00.143+01', deleted = 0, gui = 0 where id = 'f18e334f-c7bc-4554-aa72-648d9861b2d2';
update konfigurasjon.field set nbr = NULL, name = 'PC_COMPOINT_VOLTAGE_LEVEL_NEW', customfieldid = NULL, changed_by = 'PowerCatch admin', changed_date = '2016-11-17 08:27:53.694+01', deleted = 0, gui = 0 where id = '2eb92b5f-91c2-4cf8-97c7-f84a7ee09777';
insert into konfigurasjon.field (id, nbr, name, customfieldid, changed_by, changed_date, deleted, gui) values ('755e910c-5af6-4b45-9e29-fdc6cebe8eb3',NULL,'PC_COMPOINT_VOLTAGE_LEVEL',NULL,'PowerCatch admin','2016-11-17 08:28:58.453+01',0,0);
insert into konfigurasjon.fieldproperty (id, label, editable, required, checkboxvalidationid, id_field, hidden, scannable, hide_values, cross_validation, dependency_field, changed_by, changed_date, deleted, gui) values ('e3d17b46-919c-4286-a1a7-815bdfd066f6',NULL,0,0,NULL,'755e910c-5af6-4b45-9e29-fdc6cebe8eb3',0,NULL,0,0,NULL,'PowerCatch admin','2016-11-17 08:29:07.843+01',0,0);
insert into konfigurasjon.field (id, nbr, name, customfieldid, changed_by, changed_date, deleted, gui) values ('43b5f5ae-a721-46c0-b6ac-c766305577a9',NULL,'PC_COMPOINT_PHASES',NULL,'PowerCatch admin','2016-11-17 08:29:35.828+01',0,0);
insert into konfigurasjon.fieldproperty (id, label, editable, required, checkboxvalidationid, id_field, hidden, scannable, hide_values, cross_validation, dependency_field, changed_by, changed_date, deleted, gui) values ('57483815-4d6c-46ae-83ed-f68b8ceadedc',NULL,0,0,NULL,'43b5f5ae-a721-46c0-b6ac-c766305577a9',0,NULL,0,0,NULL,'PowerCatch admin','2016-11-17 08:29:42.152+01',0,0);
update konfigurasjon.page_fieldproperty set id_page = '2b7b78f9-ebee-4780-aef2-dadf4b080d95', id_fieldproperty = '880ae0f5-639b-47ac-b7ce-8b9631ab8cee', sortorder = 7, changed_by = 'PowerCatch admin', changed_date = '2016-11-17 08:31:13.466+01', deleted = 0, gui = 0 where id = '39783485-a10b-4f7e-babf-456207d459e7';
update konfigurasjon.page_fieldproperty set id_page = '2b7b78f9-ebee-4780-aef2-dadf4b080d95', id_fieldproperty = '29c2cc80-228b-4c57-bedc-eb394f729598', sortorder = 9, changed_by = 'PowerCatch admin', changed_date = '2016-11-17 08:31:13.466+01', deleted = 0, gui = 0 where id = '96738105-6f54-4c2c-b902-85ec43f10e3a';
update konfigurasjon.page_fieldproperty set id_page = '2b7b78f9-ebee-4780-aef2-dadf4b080d95', id_fieldproperty = '53afb835-7716-4b3e-9027-ccce5530c373', sortorder = 10, changed_by = 'PowerCatch admin', changed_date = '2016-11-17 08:31:13.466+01', deleted = 0, gui = 0 where id = '4a4e3736-991e-49c6-baaa-198703c93773';
update konfigurasjon.page_fieldproperty set id_page = '2b7b78f9-ebee-4780-aef2-dadf4b080d95', id_fieldproperty = '639c023e-1fe9-410f-9dd0-2e733f8b8120', sortorder = 11, changed_by = 'PowerCatch admin', changed_date = '2016-11-17 08:31:13.466+01', deleted = 0, gui = 0 where id = 'c4d38a66-fe48-4c3c-837e-e6a5290d315a';
insert into konfigurasjon.page_fieldproperty (id, id_page, id_fieldproperty, sortorder, changed_by, changed_date, deleted, gui) values ('b214e028-e65a-467c-85fc-0a8e6009c709','2b7b78f9-ebee-4780-aef2-dadf4b080d95','57483815-4d6c-46ae-83ed-f68b8ceadedc',6,'PowerCatch admin','2016-11-17 08:31:13.466+01',0,0);
update konfigurasjon.page_fieldproperty set id_page = '2b7b78f9-ebee-4780-aef2-dadf4b080d95', id_fieldproperty = 'faa6b12c-1d81-4d8d-a2be-03c1b977dbf7', sortorder = 17, changed_by = 'PowerCatch admin', changed_date = '2016-11-17 08:31:13.481+01', deleted = 0, gui = 0 where id = 'fe365d10-b265-428d-9829-d0faa0c07f16';
insert into konfigurasjon.page_fieldproperty (id, id_page, id_fieldproperty, sortorder, changed_by, changed_date, deleted, gui) values ('fc0ee2af-edb9-465d-a000-8c490c5a0298','2b7b78f9-ebee-4780-aef2-dadf4b080d95','e3d17b46-919c-4286-a1a7-815bdfd066f6',8,'PowerCatch admin','2016-11-17 08:31:13.481+01',0,0);
update konfigurasjon.page_fieldproperty set id_page = '2b7b78f9-ebee-4780-aef2-dadf4b080d95', id_fieldproperty = '03f7b921-0cf6-4729-b2e0-5205fb33ac14', sortorder = 13, changed_by = 'PowerCatch admin', changed_date = '2016-11-17 08:31:13.481+01', deleted = 0, gui = 0 where id = 'd7bcf65c-00b7-41e1-9f55-23bd4e08c961';
update konfigurasjon.page_fieldproperty set id_page = '2b7b78f9-ebee-4780-aef2-dadf4b080d95', id_fieldproperty = '9a628298-f9f8-42b2-b8de-c64270361943', sortorder = 12, changed_by = 'PowerCatch admin', changed_date = '2016-11-17 08:31:13.481+01', deleted = 0, gui = 0 where id = '63b1f9f3-1ed6-407b-a8e8-1d4f5b0c6ca1';
update konfigurasjon.page_fieldproperty set id_page = '2b7b78f9-ebee-4780-aef2-dadf4b080d95', id_fieldproperty = 'acf6693d-2877-49d4-883c-edc9545a5048', sortorder = 14, changed_by = 'PowerCatch admin', changed_date = '2016-11-17 08:31:13.481+01', deleted = 0, gui = 0 where id = '452d03d8-4029-47f8-b68f-0c004961ac21';
update konfigurasjon.page_fieldproperty set id_page = '2b7b78f9-ebee-4780-aef2-dadf4b080d95', id_fieldproperty = '0aa40c09-0c3e-4c97-b3d1-f7d9fae2a471', sortorder = 15, changed_by = 'PowerCatch admin', changed_date = '2016-11-17 08:31:13.481+01', deleted = 0, gui = 0 where id = '7a1909cd-1298-443d-b5c0-8e34851c7891';
update konfigurasjon.page_fieldproperty set id_page = '2b7b78f9-ebee-4780-aef2-dadf4b080d95', id_fieldproperty = '2951cacd-2039-4936-9763-7d8870687084', sortorder = 16, changed_by = 'PowerCatch admin', changed_date = '2016-11-17 08:31:13.481+01', deleted = 0, gui = 0 where id = '8df1a777-32fe-4cb6-8ad6-64a5314dd136';
insert into konfigurasjon.fieldproperty (id, label, editable, required, checkboxvalidationid, id_field, hidden, scannable, hide_values, cross_validation, dependency_field, changed_by, changed_date, deleted, gui) values ('d355c5fc-bf51-49e5-a636-f440ee81b389',NULL,1,0,NULL,'192c7bc4-b454-4262-9e27-213c14305469',0,NULL,0,0,NULL,'PowerCatch admin','2016-11-17 08:32:54.389+01',0,0);
delete from konfigurasjon.page_fieldproperty where id = '0ec18ae6-cc30-4d6a-802e-7fc5a49873d3';
insert into konfigurasjon.page_fieldproperty (id, id_page, id_fieldproperty, sortorder, changed_by, changed_date, deleted, gui) values ('e774d2eb-d5f3-48f0-8f84-61e9625a1c87','86274906-4396-4717-949e-ded42f6fedab','d355c5fc-bf51-49e5-a636-f440ee81b389',3,'PowerCatch admin','2016-11-17 08:34:17.625+01',0,0);

-- PC-3775
update konfigurasjon.issuetype set nbr = NULL, name = 'SK idriftsettelse', project_key = 'SLK', new_issue_enabled = 0, summary_field = NULL, changed_by = 'PowerCatch admin', changed_date = '2016-11-18 12:34:03.517+01', deleted = 1, drop_signature = 1, gui = 0 where id = 'f6ad8df2-bd01-4433-a3c5-0411f9f5d73b';
update konfigurasjon.issuetype set nbr = NULL, name = 'PC_ISSUETYPE_ASSEMBLY_HELPER', project_key = 'LD', new_issue_enabled = 0, summary_field = 'summary', changed_by = 'PowerCatch admin', changed_date = '2016-11-18 12:34:03.416+01', deleted = 1, drop_signature = 0, gui = 0 where id = 'b1001bac-07d0-47a2-b2ef-9a369edf0baf';
update konfigurasjon.issuetype set nbr = NULL, name = 'PC_ISSUETYPE_ASSEMBLY_TEMP_POWER_SUPPLY', project_key = 'LD', new_issue_enabled = 0, summary_field = 'summary', changed_by = 'PowerCatch admin', changed_date = '2016-11-18 12:34:03.425+01', deleted = 1, drop_signature = 0, gui = 0 where id = '5d274f43-07b8-46fd-b2f8-1413ebfa1240';
update konfigurasjon.issuetype set nbr = NULL, name = 'PC_ISSUETYPE_DISASSEMBLY_TEMP_POWER_SUPPLY', project_key = 'LD', new_issue_enabled = 0, summary_field = 'summary', changed_by = 'PowerCatch admin', changed_date = '2016-11-18 12:34:03.428+01', deleted = 1, drop_signature = 0, gui = 0 where id = '3e802ed5-c39e-411a-9ac0-393bfc9d3c1d';
update konfigurasjon.issuetype set nbr = NULL, name = 'PC_ISSUETYPE_WORK_ORDER_WITH_SAFETY_ASSESSMENT', project_key = 'LD', new_issue_enabled = 0, summary_field = 'summary', changed_by = 'PowerCatch admin', changed_date = '2016-11-18 12:34:03.43+01', deleted = 1, drop_signature = 1, gui = 0 where id = '9713e3f0-c8cf-4793-8d53-76fdde10ffa8';
update konfigurasjon.issuetype set nbr = NULL, name = 'PC_ISSUETYPE_WORK_ORDER_WITHOUT_SAFETY_ASSESSMENT', project_key = 'LD', new_issue_enabled = 0, summary_field = 'summary', changed_by = 'PowerCatch admin', changed_date = '2016-11-18 12:34:03.433+01', deleted = 1, drop_signature = 1, gui = 0 where id = '57e0ba97-1f40-494f-9ce3-efadf52d8b20';
update konfigurasjon.issuetype set nbr = NULL, name = 'PC_ISSUETYPE_METER_REPLACEMENT', project_key = 'LEVPKT', new_issue_enabled = 0, summary_field = NULL, changed_by = 'PowerCatch admin', changed_date = '2016-11-18 12:34:03.435+01', deleted = 1, drop_signature = 1, gui = 0 where id = '075bbaef-422f-4d7b-8d2a-667162b56519';
update konfigurasjon.issuetype set nbr = NULL, name = 'PC_ISSUETYPE_CONTROL_POLE_HV', project_key = 'LHS', new_issue_enabled = 0, summary_field = NULL, changed_by = 'PowerCatch admin', changed_date = '2016-11-18 12:34:03.437+01', deleted = 1, drop_signature = 1, gui = 0 where id = '5d59d730-68c0-4cf0-9f3d-7687ccae308b';
update konfigurasjon.issuetype set nbr = NULL, name = 'PC_ISSUETYPE_CONTROL_CABINET', project_key = 'LLS', new_issue_enabled = 0, summary_field = NULL, changed_by = 'PowerCatch admin', changed_date = '2016-11-18 12:34:03.439+01', deleted = 1, drop_signature = 1, gui = 0 where id = '119a2834-bda1-4607-849c-4c25b3f4670f';
update konfigurasjon.issuetype set nbr = NULL, name = 'PC_ISSUETYPE_CONTROL_POLE_LV', project_key = 'LLS', new_issue_enabled = 0, summary_field = NULL, changed_by = 'PowerCatch admin', changed_date = '2016-11-18 12:34:03.441+01', deleted = 1, drop_signature = 1, gui = 0 where id = '4d23796b-0341-4fe0-8fe7-4ace4a9eb62a';
update konfigurasjon.issuetype set nbr = NULL, name = 'PC_ISSUETYPE_ASSEMBLY_HELPER', project_key = 'NETT', new_issue_enabled = 0, summary_field = 'summary', changed_by = 'PowerCatch admin', changed_date = '2016-11-18 12:34:03.443+01', deleted = 1, drop_signature = 0, gui = 0 where id = 'd628e7d3-4347-41b0-a113-136f53d8f911';
update konfigurasjon.issuetype set nbr = NULL, name = 'PC_ISSUETYPE_FIELD_INSPECTION', project_key = 'NETT', new_issue_enabled = 0, summary_field = 'summary', changed_by = 'PowerCatch admin', changed_date = '2016-11-18 12:34:03.446+01', deleted = 1, drop_signature = 0, gui = 0 where id = '664881ac-3245-403f-afd8-94ec6a8bf1ce';
update konfigurasjon.issuetype set nbr = NULL, name = 'PC_ISSUETYPE_SUB_TASK_NET', project_key = 'NETT', new_issue_enabled = 0, summary_field = 'summary', changed_by = 'PowerCatch admin', changed_date = '2016-11-18 12:34:03.448+01', deleted = 1, drop_signature = 0, gui = 0 where id = '78a83cf4-e305-422a-9cf9-8eb752333691';
update konfigurasjon.issuetype set nbr = NULL, name = 'PC_ISSUETYPE_WO_NET', project_key = 'NETT', new_issue_enabled = 0, summary_field = 'summary', changed_by = 'PowerCatch admin', changed_date = '2016-11-18 12:34:03.45+01', deleted = 1, drop_signature = 0, gui = 0 where id = '44f77965-cb2c-415c-bfaa-1b5b3fe714ed';
update konfigurasjon.issuetype set nbr = NULL, name = 'PC_ISSUETYPE_CONTROL_SS_1_YR', project_key = 'NS', new_issue_enabled = 0, summary_field = NULL, changed_by = 'PowerCatch admin', changed_date = '2016-11-18 12:34:03.452+01', deleted = 1, drop_signature = 1, gui = 0 where id = '2e44fc5b-541d-420b-b0e7-c208bb4f68cc';
update konfigurasjon.issuetype set nbr = NULL, name = 'PC_ISSUETYPE_CONTROL_SS_5_YR', project_key = 'NS', new_issue_enabled = 0, summary_field = NULL, changed_by = 'PowerCatch admin', changed_date = '2016-11-18 12:34:03.454+01', deleted = 1, drop_signature = 1, gui = 0 where id = '099732f3-6c88-435f-8904-208a547cf218';
update konfigurasjon.issuetype set nbr = NULL, name = 'PC_ISSUETYPE_ASSEMBLY_ALTERATION_SUBSTATION_POLE', project_key = 'NY', new_issue_enabled = 0, summary_field = 'summary', changed_by = 'PowerCatch admin', changed_date = '2016-11-18 12:34:03.456+01', deleted = 1, drop_signature = 0, gui = 0 where id = '6f502148-04b3-438f-be94-0961b34d8747';
update konfigurasjon.issuetype set nbr = NULL, name = 'PC_ISSUETYPE_ASSEMBLY_CABLE_PIPE_IN_DITCH', project_key = 'NY', new_issue_enabled = 0, summary_field = 'summary', changed_by = 'PowerCatch admin', changed_date = '2016-11-18 12:34:03.458+01', deleted = 1, drop_signature = 0, gui = 0 where id = '7e2bc36a-45ba-4273-a607-2e904158e853';
update konfigurasjon.issuetype set nbr = NULL, name = 'PC_ISSUETYPE_ASSEMBLY_CABLE_TERMINATION_HV', project_key = 'NY', new_issue_enabled = 0, summary_field = 'summary', changed_by = 'PowerCatch admin', changed_date = '2016-11-18 12:34:03.459+01', deleted = 1, drop_signature = 0, gui = 0 where id = '5f07451e-7113-4b7c-8976-9e82a471581b';
update konfigurasjon.issuetype set nbr = NULL, name = 'PC_ISSUETYPE_ASSEMBLY_CABLE_TERMINATION_LV', project_key = 'NY', new_issue_enabled = 0, summary_field = 'summary', changed_by = 'PowerCatch admin', changed_date = '2016-11-18 12:34:03.462+01', deleted = 1, drop_signature = 0, gui = 0 where id = '63ef0eb1-53a6-4567-b777-3801016cc65e';
update konfigurasjon.issuetype set nbr = NULL, name = 'PC_ISSUETYPE_ASSEMBLY_COMPLETE_SPUR_CABLE_INCL_METER', project_key = 'NY', new_issue_enabled = 0, summary_field = 'summary', changed_by = 'PowerCatch admin', changed_date = '2016-11-18 12:34:03.464+01', deleted = 1, drop_signature = 0, gui = 0 where id = 'f6fa77fc-d702-422b-ac68-4d1a62a4f1c1';
update konfigurasjon.issuetype set nbr = NULL, name = 'PC_ISSUETYPE_ASSEMBLY_CONNECT_CABLE_IN_POLE', project_key = 'NY', new_issue_enabled = 0, summary_field = 'summary', changed_by = 'PowerCatch admin', changed_date = '2016-11-18 12:34:03.466+01', deleted = 1, drop_signature = 0, gui = 0 where id = '26debf83-b32e-4264-95b8-8daf96c4f07b';
update konfigurasjon.issuetype set nbr = NULL, name = 'PC_ISSUETYPE_ASSEMBLY_DIGGING_DITCH_FOR_CABLE_PIPE', project_key = 'NY', new_issue_enabled = 0, summary_field = 'summary', changed_by = 'PowerCatch admin', changed_date = '2016-11-18 12:34:03.468+01', deleted = 1, drop_signature = 0, gui = 0 where id = '63a9496a-9455-4664-beb2-e8e75a7cf043';
update konfigurasjon.issuetype set nbr = NULL, name = 'PC_ISSUETYPE_ASSEMBLY_DIGGING_DITCH_FOR_SPUR_CABLE', project_key = 'NY', new_issue_enabled = 0, summary_field = 'summary', changed_by = 'PowerCatch admin', changed_date = '2016-11-18 12:34:03.47+01', deleted = 1, drop_signature = 0, gui = 0 where id = 'ee77e006-38a2-470c-9877-78399dcd8371';
update konfigurasjon.issuetype set nbr = NULL, name = 'PC_ISSUETYPE_ASSEMBLY_GROUND_PLATE_MEASUREMENT', project_key = 'NY', new_issue_enabled = 0, summary_field = 'summary', changed_by = 'PowerCatch admin', changed_date = '2016-11-18 12:34:03.472+01', deleted = 1, drop_signature = 0, gui = 0 where id = 'a146f0d5-1a55-40b6-8a42-fa2a029b76fb';
update konfigurasjon.issuetype set nbr = NULL, name = 'PC_ISSUETYPE_ASSEMBLY_HELPER', project_key = 'NY', new_issue_enabled = 0, summary_field = 'summary', changed_by = 'PowerCatch admin', changed_date = '2016-11-18 12:34:03.474+01', deleted = 1, drop_signature = 0, gui = 0 where id = 'ebad0433-524f-4aed-87dc-3aa2827c173f';
update konfigurasjon.issuetype set nbr = NULL, name = 'PC_ISSUETYPE_ASSEMBLY_HV_INSTALLATION_SUBSTATION', project_key = 'NY', new_issue_enabled = 0, summary_field = 'summary', changed_by = 'PowerCatch admin', changed_date = '2016-11-18 12:34:03.476+01', deleted = 1, drop_signature = 0, gui = 0 where id = '7fe7c776-f958-471c-8946-9eff9b9f98a2';
update konfigurasjon.issuetype set nbr = NULL, name = 'PC_ISSUETYPE_ASSEMBLY_HV_SWITCH_POLE', project_key = 'NY', new_issue_enabled = 0, summary_field = 'summary', changed_by = 'PowerCatch admin', changed_date = '2016-11-18 12:34:03.478+01', deleted = 1, drop_signature = 0, gui = 0 where id = 'fa3265d4-f742-47db-bec1-07f52930762b';
update konfigurasjon.issuetype set nbr = NULL, name = 'PC_ISSUETYPE_ASSEMBLY_LV_LINE_STRETCHING', project_key = 'NY', new_issue_enabled = 0, summary_field = 'summary', changed_by = 'PowerCatch admin', changed_date = '2016-11-18 12:34:03.48+01', deleted = 1, drop_signature = 0, gui = 0 where id = 'a29e3fc0-e8a0-4f55-95b4-39b622a44248';
update konfigurasjon.issuetype set nbr = NULL, name = 'PC_ISSUETYPE_ASSEMBLY_MATERIAL_TRANSPORTATION', project_key = 'NY', new_issue_enabled = 0, summary_field = 'summary', changed_by = 'PowerCatch admin', changed_date = '2016-11-18 12:34:03.482+01', deleted = 1, drop_signature = 0, gui = 0 where id = 'b15e295e-f586-438c-a0a9-12ec6e086168';
update konfigurasjon.issuetype set nbr = NULL, name = 'PC_ISSUETYPE_ASSEMBLY_OR_ALTERATION_METER', project_key = 'NY', new_issue_enabled = 0, summary_field = 'summary', changed_by = 'PowerCatch admin', changed_date = '2016-11-18 12:34:03.484+01', deleted = 1, drop_signature = 0, gui = 0 where id = '879cb62e-1a88-44fb-b064-0fc84ad7ceba';
update konfigurasjon.issuetype set nbr = NULL, name = 'PC_ISSUETYPE_ASSEMBLY_OR_REPLACEMENT_TRANSFORMER_POLE', project_key = 'NY', new_issue_enabled = 0, summary_field = 'summary', changed_by = 'PowerCatch admin', changed_date = '2016-11-18 12:34:03.487+01', deleted = 1, drop_signature = 0, gui = 0 where id = '88a3a83e-c9c2-497f-95bd-801536443895';
update konfigurasjon.issuetype set nbr = NULL, name = 'PC_ISSUETYPE_ASSEMBLY_POLE_ERECTION_BRACING_HV_LV', project_key = 'NY', new_issue_enabled = 0, summary_field = 'summary', changed_by = 'PowerCatch admin', changed_date = '2016-11-18 12:34:03.489+01', deleted = 1, drop_signature = 0, gui = 0 where id = '950b1c35-4b6e-4d00-98dd-a3e98f7d86a6';
update konfigurasjon.issuetype set nbr = NULL, name = 'PC_ISSUETYPE_ASSEMBLY_PREFABRICATED_SS_GROUND', project_key = 'NY', new_issue_enabled = 0, summary_field = 'summary', changed_by = 'PowerCatch admin', changed_date = '2016-11-18 12:34:03.491+01', deleted = 1, drop_signature = 0, gui = 0 where id = 'b076848f-c590-447a-a104-812098a392cc';
update konfigurasjon.issuetype set nbr = NULL, name = 'PC_ISSUETYPE_ASSEMBLY_PREFABRICATED_SS_POLE', project_key = 'NY', new_issue_enabled = 0, summary_field = 'summary', changed_by = 'PowerCatch admin', changed_date = '2016-11-18 12:34:03.492+01', deleted = 1, drop_signature = 0, gui = 0 where id = 'abd4023d-9ef8-41c7-ae03-5ada4259f1a1';
update konfigurasjon.issuetype set nbr = NULL, name = 'PC_ISSUETYPE_ASSEMBLY_REPLACE_CABINET', project_key = 'NY', new_issue_enabled = 0, summary_field = 'summary', changed_by = 'PowerCatch admin', changed_date = '2016-11-18 12:34:03.494+01', deleted = 1, drop_signature = 0, gui = 0 where id = '0c15d3a1-167e-4524-bf40-37f373d97db2';
update konfigurasjon.issuetype set nbr = NULL, name = 'PC_ISSUETYPE_ASSEMBLY_SUBSTATION_BASEMENT', project_key = 'NY', new_issue_enabled = 0, summary_field = 'summary', changed_by = 'PowerCatch admin', changed_date = '2016-11-18 12:34:03.496+01', deleted = 1, drop_signature = 0, gui = 0 where id = '5570564c-a7f5-4902-8e24-a8288729e55c';
update konfigurasjon.issuetype set nbr = NULL, name = 'PC_ISSUETYPE_ASSEMBLY_TRANSFORMER_SS_GROUND', project_key = 'NY', new_issue_enabled = 0, summary_field = 'summary', changed_by = 'PowerCatch admin', changed_date = '2016-11-18 12:34:03.498+01', deleted = 1, drop_signature = 0, gui = 0 where id = 'c73494ab-ff4b-4548-b182-d628147ae77f';
update konfigurasjon.issuetype set nbr = NULL, name = 'PC_ISSUETYPE_FIELD_INSPECTION', project_key = 'NY', new_issue_enabled = 0, summary_field = 'summary', changed_by = 'PowerCatch admin', changed_date = '2016-11-18 12:34:03.5+01', deleted = 1, drop_signature = 0, gui = 0 where id = 'b5c2c02c-e88f-4013-9799-f970978ba8b2';
update konfigurasjon.issuetype set nbr = NULL, name = 'PC_ISSUETYPE_INSTALLATION_OPERATION', project_key = 'NY', new_issue_enabled = 0, summary_field = 'summary', changed_by = 'PowerCatch admin', changed_date = '2016-11-18 12:34:03.503+01', deleted = 1, drop_signature = 0, gui = 0 where id = 'b503caae-1400-4e32-87fb-95f43a83e1dd';
update konfigurasjon.issuetype set nbr = NULL, name = 'PC_ISSUETYPE_FINAL_CHECK_CABINET', project_key = 'SLK', new_issue_enabled = 0, summary_field = NULL, changed_by = 'PowerCatch admin', changed_date = '2016-11-18 12:34:03.505+01', deleted = 1, drop_signature = 1, gui = 0 where id = 'ee978fc7-4d0f-45ff-a3ba-6ffb4da38dff';
update konfigurasjon.issuetype set nbr = NULL, name = 'PC_ISSUETYPE_FINAL_CHECK_DITCH_CABLE', project_key = 'SLK', new_issue_enabled = 0, summary_field = NULL, changed_by = 'PowerCatch admin', changed_date = '2016-11-18 12:34:03.507+01', deleted = 1, drop_signature = 1, gui = 0 where id = '811d36f6-a6da-4e3f-9a7b-5cb7087191ce';
update konfigurasjon.issuetype set nbr = NULL, name = 'PC_ISSUETYPE_FINAL_CHECK_HV_LINE', project_key = 'SLK', new_issue_enabled = 0, summary_field = NULL, changed_by = 'PowerCatch admin', changed_date = '2016-11-18 12:34:03.509+01', deleted = 1, drop_signature = 1, gui = 0 where id = '2d6958b1-7157-4fb5-a0ba-71c90fc49a22';
update konfigurasjon.issuetype set nbr = NULL, name = 'PC_ISSUETYPE_FINAL_CHECK_LV_LINE', project_key = 'SLK', new_issue_enabled = 0, summary_field = NULL, changed_by = 'PowerCatch admin', changed_date = '2016-11-18 12:34:03.511+01', deleted = 1, drop_signature = 1, gui = 0 where id = 'b443603a-11d7-45af-b331-e6d9f30f1f87';
update konfigurasjon.issuetype set nbr = NULL, name = 'PC_ISSUETYPE_FINAL_CHECK_SS_GROUND', project_key = 'SLK', new_issue_enabled = 0, summary_field = NULL, changed_by = 'PowerCatch admin', changed_date = '2016-11-18 12:34:03.513+01', deleted = 1, drop_signature = 1, gui = 0 where id = '7d56c6ca-3524-4b7b-9fcf-8e1585d06f00';
update konfigurasjon.issuetype set nbr = NULL, name = 'PC_ISSUETYPE_FINAL_CHECK_SS_POLE', project_key = 'SLK', new_issue_enabled = 0, summary_field = NULL, changed_by = 'PowerCatch admin', changed_date = '2016-11-18 12:34:03.515+01', deleted = 1, drop_signature = 1, gui = 0 where id = 'a944240b-2750-4427-9003-5d63c3af555a';
update konfigurasjon.issuetype set nbr = NULL, name = 'PC_ISSUETYPE_METER_REPLACEMENT', project_key = 'PPT', new_issue_enabled = 0, summary_field = 'summary', changed_by = 'PowerCatch admin', changed_date = '2016-11-18 12:37:33.339+01', deleted = 1, drop_signature = 1, gui = 0 where id = '4b252da2-5a38-4c15-940e-6fd7033d3d10';

-- SUPAMS-115
update konfigurasjon.fieldproperty set label = NULL, editable = 1, required = 1, checkboxvalidationid = NULL, id_field = 'f18e334f-c7bc-4554-aa72-648d9861b2d2', hidden = 0, scannable = NULL, hide_values = 0, cross_validation = 0, dependency_field = NULL, changed_by = 'PowerCatch admin', changed_date = '2016-11-22 15:38:08.16+01', deleted = 0, gui = 0 where id = '880ae0f5-639b-47ac-b7ce-8b9631ab8cee';
update konfigurasjon.fieldproperty set label = NULL, editable = 1, required = 1, checkboxvalidationid = NULL, id_field = '2eb92b5f-91c2-4cf8-97c7-f84a7ee09777', hidden = 0, scannable = NULL, hide_values = 0, cross_validation = 0, dependency_field = NULL, changed_by = 'PowerCatch admin', changed_date = '2016-11-22 15:38:28.753+01', deleted = 0, gui = 0 where id = '29c2cc80-228b-4c57-bedc-eb394f729598';
update konfigurasjon.fieldproperty set label = NULL, editable = 1, required = 1, checkboxvalidationid = NULL, id_field = '2f37d340-75ba-48f7-9e95-fc7eec9f0212', hidden = 0, scannable = 0, hide_values = 0, cross_validation = 0, dependency_field = NULL, changed_by = 'PowerCatch admin', changed_date = '2016-11-22 15:38:56.944+01', deleted = 0, gui = 0 where id = 'acf6693d-2877-49d4-883c-edc9545a5048';
