-- PC-3285
delete from konfigurasjon.page_fieldproperty where id = '7a24b31e-5907-47c9-8cf0-8a0dd537f9bd';
delete from konfigurasjon.page_fieldproperty where id = '76a57798-5449-47f2-85d4-6a710d0b8bfa';
delete from konfigurasjon.page_fieldproperty where id = 'aa9845af-00d3-4131-af87-2b4bb20ae604';
insert into konfigurasjon.field (id, nbr, name, customfieldid, changed_by, changed_date, deleted, gui) values ('f18e334f-c7bc-4554-aa72-648d9861b2d2',NULL,'PC_COMPOINT_PHASES',NULL,'PowerCatch admin','2016-04-08 11:08:43.8+02',0,0);
insert into konfigurasjon.fieldproperty (id, label, editable, required, checkboxvalidationid, id_field, hidden, scannable, hide_values, cross_validation, changed_by, changed_date, deleted, gui) values ('e80ffa85-034f-48d5-89b4-c294d1813e1f',NULL,0,0,NULL,'f18e334f-c7bc-4554-aa72-648d9861b2d2',0,0,0,0,'PowerCatch admin','2016-04-08 11:09:17.526+02',0,0);
insert into konfigurasjon.field (id, nbr, name, customfieldid, changed_by, changed_date, deleted, gui) values ('32192f2a-25e6-41d9-a78a-41b4b9cd5206',NULL,'PC_COMPOINT_FUSE_SIZE_EXISTING',NULL,'PowerCatch admin','2016-04-08 11:10:23.931+02',0,0);
insert into konfigurasjon.fieldproperty (id, label, editable, required, checkboxvalidationid, id_field, hidden, scannable, hide_values, cross_validation, changed_by, changed_date, deleted, gui) values ('53afb835-7716-4b3e-9027-ccce5530c373',NULL,0,0,NULL,'32192f2a-25e6-41d9-a78a-41b4b9cd5206',0,0,0,0,'PowerCatch admin','2016-04-08 11:10:34.842+02',0,0);
insert into konfigurasjon.field (id, nbr, name, customfieldid, changed_by, changed_date, deleted, gui) values ('2eb92b5f-91c2-4cf8-97c7-f84a7ee09777',NULL,'PC_COMPOINT_VOLTAGE_LEVEL',NULL,'PowerCatch admin','2016-04-08 11:10:50.673+02',0,0);
insert into konfigurasjon.fieldproperty (id, label, editable, required, checkboxvalidationid, id_field, hidden, scannable, hide_values, cross_validation, changed_by, changed_date, deleted, gui) values ('17861a55-2bba-4e3b-ac4d-1d3c3093ff81',NULL,0,0,NULL,'2eb92b5f-91c2-4cf8-97c7-f84a7ee09777',0,0,0,0,'PowerCatch admin','2016-04-08 11:10:58.103+02',0,0);
delete from konfigurasjon.page_fieldproperty where id = 'fc1d1c26-c602-4e1d-b323-59cebc3ae2f9';
delete from konfigurasjon.page_fieldproperty where id = 'aa102e7e-fbd7-472f-8970-4120d563f1bd';
delete from konfigurasjon.page_fieldproperty where id = '8d273797-c228-491f-936a-f40e195f5283';
insert into konfigurasjon.page_fieldproperty (id, id_page, id_fieldproperty, sortorder, changed_by, changed_date, deleted, gui) values ('ab34da67-eb16-4f11-9a49-4ce39a5cf6fc','afea42b5-feb2-46f9-a94a-ae5e897eeffe','e80ffa85-034f-48d5-89b4-c294d1813e1f',3,'PowerCatch admin','2016-04-08 11:20:27.288+02',0,0);
insert into konfigurasjon.page_fieldproperty (id, id_page, id_fieldproperty, sortorder, changed_by, changed_date, deleted, gui) values ('385b6e5c-b1ed-40f9-9b29-166ac9807b1c','afea42b5-feb2-46f9-a94a-ae5e897eeffe','17861a55-2bba-4e3b-ac4d-1d3c3093ff81',4,'PowerCatch admin','2016-04-08 11:20:27.717+02',0,0);
insert into konfigurasjon.page_fieldproperty (id, id_page, id_fieldproperty, sortorder, changed_by, changed_date, deleted, gui) values ('92b3ce28-50ea-4d50-9d3d-ea6bba382ae9','afea42b5-feb2-46f9-a94a-ae5e897eeffe','53afb835-7716-4b3e-9027-ccce5530c373',5,'PowerCatch admin','2016-04-08 11:20:27.737+02',0,0);
insert into konfigurasjon.page_fieldproperty (id, id_page, id_fieldproperty, sortorder, changed_by, changed_date, deleted, gui) values ('4da11d80-327a-470d-a9fc-3a9c16ee79a1','57ac4954-9d67-4546-95f8-e9925465594f','e80ffa85-034f-48d5-89b4-c294d1813e1f',3,'PowerCatch admin','2016-04-08 11:40:24.163+02',0,0);
update konfigurasjon.page_fieldproperty set id_page = '57ac4954-9d67-4546-95f8-e9925465594f', id_fieldproperty = 'acf6693d-2877-49d4-883c-edc9545a5048', sortorder = 6, changed_by = 'PowerCatch admin', changed_date = '2016-04-08 11:40:24.231+02', deleted = 0, gui = 0 where id = '507e337e-3d4e-40b0-b768-6e71f4fe7f14';
update konfigurasjon.page_fieldproperty set id_page = '57ac4954-9d67-4546-95f8-e9925465594f', id_fieldproperty = 'bb179e34-eca9-4951-8f55-ad7eb0570a41', sortorder = 7, changed_by = 'PowerCatch admin', changed_date = '2016-04-08 11:40:24.232+02', deleted = 0, gui = 0 where id = '43f4a597-6e21-46f1-8e91-57eeb7b0f593';
insert into konfigurasjon.page_fieldproperty (id, id_page, id_fieldproperty, sortorder, changed_by, changed_date, deleted, gui) values ('60500dcd-421d-4d07-949c-300d35ea3323','57ac4954-9d67-4546-95f8-e9925465594f','17861a55-2bba-4e3b-ac4d-1d3c3093ff81',4,'PowerCatch admin','2016-04-08 11:40:24.233+02',0,0);
insert into konfigurasjon.page_fieldproperty (id, id_page, id_fieldproperty, sortorder, changed_by, changed_date, deleted, gui) values ('062cfef4-2ea4-49b8-92aa-487b46775ffc','57ac4954-9d67-4546-95f8-e9925465594f','53afb835-7716-4b3e-9027-ccce5530c373',5,'PowerCatch admin','2016-04-08 11:40:24.234+02',0,0);
update konfigurasjon.page_fieldproperty set id_page = 'afea42b5-feb2-46f9-a94a-ae5e897eeffe', id_fieldproperty = '5cc01641-fae9-4ad4-a3bf-632f541b1661', sortorder = 10, changed_by = 'PowerCatch admin', changed_date = '2016-04-08 11:44:12.911+02', deleted = 0, gui = 0 where id = 'f43d0956-7692-4c84-be8c-96ed6e0ab944';
update konfigurasjon.page_fieldproperty set id_page = 'afea42b5-feb2-46f9-a94a-ae5e897eeffe', id_fieldproperty = 'acf6693d-2877-49d4-883c-edc9545a5048', sortorder = 6, changed_by = 'PowerCatch admin', changed_date = '2016-04-08 11:44:12.92+02', deleted = 0, gui = 0 where id = 'eb67638b-3577-423e-b0ec-6552e19d4a1a';
update konfigurasjon.page_fieldproperty set id_page = 'afea42b5-feb2-46f9-a94a-ae5e897eeffe', id_fieldproperty = 'bb179e34-eca9-4951-8f55-ad7eb0570a41', sortorder = 7, changed_by = 'PowerCatch admin', changed_date = '2016-04-08 11:44:12.921+02', deleted = 0, gui = 0 where id = 'be35d9eb-a839-4367-b1a5-be0d4aa10ff5';
update konfigurasjon.page_fieldproperty set id_page = 'afea42b5-feb2-46f9-a94a-ae5e897eeffe', id_fieldproperty = 'c84244dc-137c-484e-ac9b-36b227ae91b7', sortorder = 8, changed_by = 'PowerCatch admin', changed_date = '2016-04-08 11:44:12.922+02', deleted = 0, gui = 0 where id = 'd92956a7-56fb-44b2-9635-fb72e00234b2';
update konfigurasjon.page_fieldproperty set id_page = 'afea42b5-feb2-46f9-a94a-ae5e897eeffe', id_fieldproperty = '61772899-631c-4411-be3f-1538e8957326', sortorder = 9, changed_by = 'PowerCatch admin', changed_date = '2016-04-08 11:44:12.923+02', deleted = 0, gui = 0 where id = 'd268e4e6-3840-4e28-88ee-92f9adac11a4';
insert into konfigurasjon.field (id, nbr, name, customfieldid, changed_by, changed_date, deleted, gui) values ('ee6422cf-e3fc-4d9b-8977-73355fc2d2b4',NULL,'PC_COMPOINT_FUSE_SIZE_NEW',NULL,'PowerCatch admin','2016-04-12 12:52:21.011+02',0,0);
insert into konfigurasjon.fieldproperty (id, label, editable, required, checkboxvalidationid, id_field, hidden, scannable, hide_values, cross_validation, dependency_field, changed_by, changed_date, deleted, gui) values ('639c023e-1fe9-410f-9dd0-2e733f8b8120',NULL,1,1,NULL,'ee6422cf-e3fc-4d9b-8977-73355fc2d2b4',0,0,0,0,NULL,'PowerCatch admin','2016-04-12 12:52:35.794+02',0,0);
insert into konfigurasjon.page_fieldproperty (id, id_page, id_fieldproperty, sortorder, changed_by, changed_date, deleted, gui) values ('c06b840c-cc3e-4eb5-932c-71b326f2ad97','08631c23-a2f7-4d75-9f18-d00937da4683','639c023e-1fe9-410f-9dd0-2e733f8b8120',4,'PowerCatch admin','2016-04-12 12:53:26.659+02',0,0);


-- PC-3270
update konfigurasjon.field set nbr = NULL, name = 'PC_NEW_OUTBOUND_ANTENNA_PLACEMENT_CODE', customfieldid = NULL, changed_by = 'PowerCatch admin', changed_date = '2016-04-12 07:31:07.376+02', deleted = 0, gui = 0 where id = '7c9b77fd-0859-4cec-9f25-3e707dc909ff';
update konfigurasjon.field set nbr = NULL, name = 'PC_NEW_OUTBOUND_ANTENNA_REDUCER_TYPE', customfieldid = NULL, changed_by = 'PowerCatch admin', changed_date = '2016-04-12 07:30:50.922+02', deleted = 0, gui = 0 where id = '7f618892-5834-40f8-8114-69ab6b085729';
update konfigurasjon.field set nbr = NULL, name = 'PC_NEW_OUTBOUND_ANTENNA_CABEL_TYPE', customfieldid = NULL, changed_by = 'PowerCatch admin', changed_date = '2016-04-12 07:30:37.023+02', deleted = 0, gui = 0 where id = '5b6575be-2094-4d3e-8cc3-7f95c547a684';
update konfigurasjon.field set nbr = NULL, name = 'PC_NEW_INBOUND_ANTENNA_PLACEMENT_CODE', customfieldid = NULL, changed_by = 'PowerCatch admin', changed_date = '2016-04-12 07:30:22.917+02', deleted = 0, gui = 0 where id = '196112f7-0af0-4a76-8830-79802e7d55bd';
update konfigurasjon.field set nbr = NULL, name = 'PC_NEW_INBOUND_ANTENNA_REDUCER_TYPE', customfieldid = NULL, changed_by = 'PowerCatch admin', changed_date = '2016-04-12 07:30:09.116+02', deleted = 0, gui = 0 where id = '39c313ea-ef5e-4742-ab8c-1f9ccd8a9c68';
update konfigurasjon.field set nbr = NULL, name = 'PC_NEW_INBOUND_ANTENNA_CABEL_TYPE', customfieldid = NULL, changed_by = 'PowerCatch admin', changed_date = '2016-04-12 07:29:54.344+02', deleted = 0, gui = 0 where id = '95ba5125-153e-4596-89e1-4784eabf48c7';
update konfigurasjon.field set nbr = NULL, name = 'PC_NEW_OUTBOUND_ANTENNA_TYPE', customfieldid = NULL, changed_by = 'PowerCatch admin', changed_date = '2016-04-12 07:29:40.983+02', deleted = 0, gui = 0 where id = '5d8b7891-4b66-41fd-b2c1-dd3ee0053032';
update konfigurasjon.field set nbr = NULL, name = 'PC_NEW_INBOUND_ANTENNA_TYPE', customfieldid = NULL, changed_by = 'PowerCatch admin', changed_date = '2016-04-12 07:29:26.433+02', deleted = 0, gui = 0 where id = '6bb92a3c-8e12-4cd7-9162-3833f22be408';
update konfigurasjon.field set nbr = NULL, name = 'PC_NEW_SIM_CARD_SERIAL_NUMBER', customfieldid = NULL, changed_by = 'PowerCatch admin', changed_date = '2016-04-12 07:29:13.259+02', deleted = 0, gui = 0 where id = 'af3ac938-d390-446d-8ae1-2b72728f5721';
update konfigurasjon.field set nbr = NULL, name = 'PC_EXISTING_OUTBOUND_ANTENNA_PLACEMENT_CODE', customfieldid = NULL, changed_by = 'PowerCatch admin', changed_date = '2016-04-12 07:28:58.703+02', deleted = 0, gui = 0 where id = '045d0977-a061-4bba-9068-f27ff2515c57';
update konfigurasjon.field set nbr = NULL, name = 'PC_EXISTING_OUTBOUND_ANTENNA_REDUCER_TYPE', customfieldid = NULL, changed_by = 'PowerCatch admin', changed_date = '2016-04-12 07:28:43.27+02', deleted = 0, gui = 0 where id = 'a3b94e9e-bfa5-4a7c-bf55-eb99126a76f9';
update konfigurasjon.field set nbr = NULL, name = 'PC_EXISTING_OUTBOUND_ANTENNA_CABEL_TYPE', customfieldid = NULL, changed_by = 'PowerCatch admin', changed_date = '2016-04-12 07:28:26.519+02', deleted = 0, gui = 0 where id = '78310a18-dcc8-4f87-ae1b-4e0d441267a8';
update konfigurasjon.field set nbr = NULL, name = 'PC_EXISTING_INBOUND_ANTENNA_PLACEMENT_CODE', customfieldid = NULL, changed_by = 'PowerCatch admin', changed_date = '2016-04-12 07:28:07.821+02', deleted = 0, gui = 0 where id = 'e5f51cf9-e6ce-42bc-812b-6fd8747cd886';
update konfigurasjon.field set nbr = NULL, name = 'PC_EXISTING_INBOUND_ANTENNA_REDUCER_TYPE', customfieldid = NULL, changed_by = 'PowerCatch admin', changed_date = '2016-04-12 07:27:50.998+02', deleted = 0, gui = 0 where id = '66e68293-df69-42d7-9763-315bca1a3830';
update konfigurasjon.field set nbr = NULL, name = 'PC_EXISTING_INBOUND_ANTENNA_CABEL_TYPE', customfieldid = NULL, changed_by = 'PowerCatch admin', changed_date = '2016-04-12 07:27:34.805+02', deleted = 0, gui = 0 where id = 'b1095dd3-be70-42cc-a253-4ee004ffe4d2';
update konfigurasjon.field set nbr = NULL, name = 'PC_EXISTING_OUTBOUND_ANTENNA_TYPE', customfieldid = NULL, changed_by = 'PowerCatch admin', changed_date = '2016-04-12 07:27:18.729+02', deleted = 0, gui = 0 where id = '87f59ead-5d77-4ff3-90c5-56d10a68a3b7';
update konfigurasjon.field set nbr = NULL, name = 'PC_EXISTING_INBOUND_ANTENNA_TYPE', customfieldid = NULL, changed_by = 'PowerCatch admin', changed_date = '2016-04-12 07:27:00.011+02', deleted = 0, gui = 0 where id = 'aeeb719d-2ee8-488e-8b0b-d24b91b82472';
update konfigurasjon.field set nbr = NULL, name = 'PC_EXISTING_SIM_CARD_SERIAL_NUMBER', customfieldid = NULL, changed_by = 'PowerCatch admin', changed_date = '2016-04-12 07:26:40.003+02', deleted = 0, gui = 0 where id = '2e5a8e96-ac2a-4245-9ca2-3aa41d187dd2';
update konfigurasjon.field set nbr = NULL, name = 'PC_COMPOINT_INSTALLATION_TYPE', customfieldid = NULL, changed_by = 'PowerCatch admin', changed_date = '2016-04-12 07:26:08.605+02', deleted = 0, gui = 0 where id = '6d4f4a2a-ee20-40e5-b820-02eea1aff980';
update konfigurasjon.field set nbr = NULL, name = 'PC_COMPOINT_LOCATION_INFO', customfieldid = NULL, changed_by = 'PowerCatch admin', changed_date = '2016-04-12 07:25:11.713+02', deleted = 0, gui = 0 where id = '2f37d340-75ba-48f7-9e95-fc7eec9f0212';
update konfigurasjon.field set nbr = NULL, name = 'PC_COMPOINT_ID', customfieldid = NULL, changed_by = 'PowerCatch admin', changed_date = '2016-04-12 07:24:52.958+02', deleted = 0, gui = 0 where id = 'cfbb75cd-f84e-42c7-83f2-40862d3eafa0';
insert into konfigurasjon.issuetype (id, nbr, name, project_key, new_issue_enabled, summary_field, changed_by, changed_date, deleted, gui) values ('2e3a3157-e67b-4cab-8cf1-6bf928d13417',NULL,'PC_ISSUETYPE_ROLLOUT_SUBSTATION_NEW_CONCENTRATOR',NULL,0,'summary','PowerCatch admin','2016-04-12 08:11:11.388+02',0,0);
insert into konfigurasjon.page (id, nbr, name, signaturerequired, commentpresent, show_camera_on_page, changed_by, changed_date, deleted, gui) values ('3d75290b-0e58-42f4-a418-4247a9ac5aee',121,'pc.page.communicationpoint',0,0,0,'PowerCatch admin','2016-04-18 13:15:44.437+02',0,0);
insert into konfigurasjon.page (id, nbr, name, signaturerequired, commentpresent, show_camera_on_page, changed_by, changed_date, deleted, gui) values ('a51e1a2d-1ecf-4e95-8bae-f82b3aac122f',122,'pc.page.mounting.new.concentrator',0,0,0,'PowerCatch admin','2016-04-18 13:19:06.71+02',0,0);
insert into konfigurasjon.page (id, nbr, name, signaturerequired, commentpresent, show_camera_on_page, changed_by, changed_date, deleted, gui) values ('3ce54236-966e-4968-bc98-f74c5193977d',123,'pc.page.concentratordata',0,0,1,'PowerCatch admin','2016-04-18 13:22:41.225+02',0,0);
insert into konfigurasjon.page (id, nbr, name, signaturerequired, commentpresent, show_camera_on_page, changed_by, changed_date, deleted, gui) values ('358889bb-18b2-4848-8d17-07a686a1eaad',124,'pc.page.final.check',0,0,0,'PowerCatch admin','2016-04-18 13:25:13.312+02',0,0);
update konfigurasjon.page set nbr = 128, name = 'pc.page.concentratordata', signaturerequired = 0, commentpresent = 0, show_camera_on_page = 1, changed_by = 'PowerCatch admin', changed_date = '2016-04-18 13:22:41.225+02', deleted = 0, gui = 0 where id = '3ce54236-966e-4968-bc98-f74c5193977d';
update konfigurasjon.page set nbr = 129, name = 'pc.page.final.check', signaturerequired = 0, commentpresent = 0, show_camera_on_page = 0, changed_by = 'PowerCatch admin', changed_date = '2016-04-18 13:25:13.312+02', deleted = 0, gui = 0 where id = '358889bb-18b2-4848-8d17-07a686a1eaad';
insert into konfigurasjon.field (id, nbr, name, customfieldid, changed_by, changed_date, deleted, gui) values ('c32d1e59-b668-4cb3-a8f7-e41a1c15fabb',NULL,'PC_COMPOINT_TYPE',NULL,'PowerCatch admin','2016-04-18 13:37:51.609+02',0,0);
insert into konfigurasjon.fieldproperty (id, label, editable, required, checkboxvalidationid, id_field, hidden, scannable, hide_values, cross_validation, dependency_field, changed_by, changed_date, deleted, gui) values ('cd07fe6e-9180-4c55-8df0-0cebc6a40fb7',NULL,0,0,NULL,'c32d1e59-b668-4cb3-a8f7-e41a1c15fabb',0,0,0,0,NULL,'PowerCatch admin','2016-04-18 13:38:24.301+02',0,0);
insert into konfigurasjon.field (id, nbr, name, customfieldid, changed_by, changed_date, deleted, gui) values ('0e0ed775-503b-4e7d-8d14-195f0ae4bd38',NULL,'PC_EXISTING_COMDEVICE_SERIAL_NUMBER',NULL,'PowerCatch admin','2016-04-18 13:39:10.799+02',0,0);
insert into konfigurasjon.fieldproperty (id, label, editable, required, checkboxvalidationid, id_field, hidden, scannable, hide_values, cross_validation, dependency_field, changed_by, changed_date, deleted, gui) values ('3b06a8bf-7ccc-4b90-911b-0961b5032a83',NULL,0,0,NULL,'0e0ed775-503b-4e7d-8d14-195f0ae4bd38',0,0,0,0,NULL,'PowerCatch admin','2016-04-18 13:39:24.167+02',0,0);
insert into konfigurasjon.field (id, nbr, name, customfieldid, changed_by, changed_date, deleted, gui) values ('993af071-d4b9-457a-b233-2837d601e701',NULL,'PC_NEW_COMDEVICE_SERIAL_NUMBER',NULL,'PowerCatch admin','2016-04-18 13:39:57.61+02',0,0);
insert into konfigurasjon.fieldproperty (id, label, editable, required, checkboxvalidationid, id_field, hidden, scannable, hide_values, cross_validation, dependency_field, changed_by, changed_date, deleted, gui) values ('154a67cb-b247-435a-9a5d-66b6cac1917c',NULL,1,0,NULL,'993af071-d4b9-457a-b233-2837d601e701',0,0,0,0,NULL,'PowerCatch admin','2016-04-18 13:40:18.855+02',0,0);
insert into konfigurasjon.field (id, nbr, name, customfieldid, changed_by, changed_date, deleted, gui) values ('44157c6c-a6b5-46f1-8785-9f5b20f782f2',NULL,'PC_CONCENTRATOR_FINAL_CHECK',NULL,'PowerCatch admin','2016-04-18 13:40:50.088+02',0,0);
insert into konfigurasjon.fieldproperty (id, label, editable, required, checkboxvalidationid, id_field, hidden, scannable, hide_values, cross_validation, dependency_field, changed_by, changed_date, deleted, gui) values ('f7a81587-7381-451a-a7f4-8eaf6c66cf9b',NULL,1,0,NULL,'44157c6c-a6b5-46f1-8785-9f5b20f782f2',0,0,0,0,NULL,'PowerCatch admin','2016-04-18 13:40:59.957+02',0,0);
insert into konfigurasjon.page_fieldproperty (id, id_page, id_fieldproperty, sortorder, changed_by, changed_date, deleted, gui) values ('70840f39-ab18-416d-ac6f-aba5762ff349','3d75290b-0e58-42f4-a418-4247a9ac5aee','8d1660bb-34c2-4384-ad36-61fe985238b8',1,'PowerCatch admin','2016-04-18 13:44:54.336+02',0,0);
insert into konfigurasjon.page_fieldproperty (id, id_page, id_fieldproperty, sortorder, changed_by, changed_date, deleted, gui) values ('03297530-e783-4185-997e-1014f078a8f9','3d75290b-0e58-42f4-a418-4247a9ac5aee','cd07fe6e-9180-4c55-8df0-0cebc6a40fb7',2,'PowerCatch admin','2016-04-18 13:44:54.407+02',0,0);
insert into konfigurasjon.page_fieldproperty (id, id_page, id_fieldproperty, sortorder, changed_by, changed_date, deleted, gui) values ('cfdada54-2c54-48fd-b0f9-5a08c4c6eb92','3d75290b-0e58-42f4-a418-4247a9ac5aee','3b06a8bf-7ccc-4b90-911b-0961b5032a83',3,'PowerCatch admin','2016-04-18 13:44:54.409+02',0,0);
insert into konfigurasjon.page_fieldproperty (id, id_page, id_fieldproperty, sortorder, changed_by, changed_date, deleted, gui) values ('691f3b47-6101-4501-a3c1-7bc4e0a62290','3d75290b-0e58-42f4-a418-4247a9ac5aee','25246340-1f86-49c8-869e-0f024eee5535',4,'PowerCatch admin','2016-04-18 13:44:54.427+02',0,0);
insert into konfigurasjon.page_fieldproperty (id, id_page, id_fieldproperty, sortorder, changed_by, changed_date, deleted, gui) values ('2d1a9635-d507-46e9-bc99-f34c80858dd2','a51e1a2d-1ecf-4e95-8bae-f82b3aac122f','5036b6cd-7f43-4d9c-9c3d-29e199ab4f66',1,'PowerCatch admin','2016-04-18 13:49:26.386+02',0,0);
insert into konfigurasjon.page_fieldproperty (id, id_page, id_fieldproperty, sortorder, changed_by, changed_date, deleted, gui) values ('59b6341b-98ab-4c62-919b-8d6a0764861f','a51e1a2d-1ecf-4e95-8bae-f82b3aac122f','2951cacd-2039-4936-9763-7d8870687084',2,'PowerCatch admin','2016-04-18 13:49:26.494+02',0,0);
insert into konfigurasjon.page_fieldproperty (id, id_page, id_fieldproperty, sortorder, changed_by, changed_date, deleted, gui) values ('b718efbe-2293-4570-9e72-0796ac46f14b','a51e1a2d-1ecf-4e95-8bae-f82b3aac122f','a1ea1d33-0512-4c15-a4e7-9604b8e7928f',3,'PowerCatch admin','2016-04-18 13:49:26.495+02',0,0);
insert into konfigurasjon.page_fieldproperty (id, id_page, id_fieldproperty, sortorder, changed_by, changed_date, deleted, gui) values ('5fb1efb4-860a-47de-85ff-15a9a1097954','a51e1a2d-1ecf-4e95-8bae-f82b3aac122f','b1727a30-f9bf-4004-9eda-18cc47532914',4,'PowerCatch admin','2016-04-18 13:49:26.497+02',0,0);
insert into konfigurasjon.page_fieldproperty (id, id_page, id_fieldproperty, sortorder, changed_by, changed_date, deleted, gui) values ('1fb3c010-1fd5-421a-94fe-8e4e8df0d82a','a51e1a2d-1ecf-4e95-8bae-f82b3aac122f','0b8e555b-7dbc-41d6-a3f1-8d72b26aa9d0',5,'PowerCatch admin','2016-04-18 13:49:26.498+02',0,0);
insert into konfigurasjon.page_fieldproperty (id, id_page, id_fieldproperty, sortorder, changed_by, changed_date, deleted, gui) values ('3edf6575-60fa-42de-b680-553962e89405','3ce54236-966e-4968-bc98-f74c5193977d','154a67cb-b247-435a-9a5d-66b6cac1917c',1,'PowerCatch admin','2016-04-18 14:04:11.754+02',0,0);
insert into konfigurasjon.page_fieldproperty (id, id_page, id_fieldproperty, sortorder, changed_by, changed_date, deleted, gui) values ('50fa45e7-f3ba-46dc-b7ba-7cf22281b381','3ce54236-966e-4968-bc98-f74c5193977d','ff9a247f-3d48-4e9d-8888-d7c98c241136',2,'PowerCatch admin','2016-04-18 14:04:11.871+02',0,0);
insert into konfigurasjon.page_fieldproperty (id, id_page, id_fieldproperty, sortorder, changed_by, changed_date, deleted, gui) values ('0562d6cf-17f1-42f2-ac9a-fa22ba41ff07','3ce54236-966e-4968-bc98-f74c5193977d','743ec458-879f-45fb-9e1e-250c3c564ea1',3,'PowerCatch admin','2016-04-18 14:04:11.874+02',0,0);
insert into konfigurasjon.page_fieldproperty (id, id_page, id_fieldproperty, sortorder, changed_by, changed_date, deleted, gui) values ('c2cab863-e2c9-43f8-887b-a9cda5bfcec8','3ce54236-966e-4968-bc98-f74c5193977d','81ca1545-c5f1-447a-b2fa-d4d74eeaead3',4,'PowerCatch admin','2016-04-18 14:04:11.762+02',0,0);
insert into konfigurasjon.page_fieldproperty (id, id_page, id_fieldproperty, sortorder, changed_by, changed_date, deleted, gui) values ('747922e4-6b85-4f45-830d-f618219eee3c','3ce54236-966e-4968-bc98-f74c5193977d','c8db967b-c3f8-4ecf-baab-dfbe21135576',5,'PowerCatch admin','2016-04-18 14:04:11.892+02',0,0);
insert into konfigurasjon.page_fieldproperty (id, id_page, id_fieldproperty, sortorder, changed_by, changed_date, deleted, gui) values ('26b27bde-34da-40b8-b404-610f315b3be8','3ce54236-966e-4968-bc98-f74c5193977d','cd656a9b-9c5d-43ab-9413-3013066352b9',6,'PowerCatch admin','2016-04-18 14:04:11.767+02',0,0);
insert into konfigurasjon.page_fieldproperty (id, id_page, id_fieldproperty, sortorder, changed_by, changed_date, deleted, gui) values ('879315c6-3a1b-4e97-acbc-a83a1f4670a8','3ce54236-966e-4968-bc98-f74c5193977d','bb7966a9-361f-4f9e-9ae8-713ceef26fba',7,'PowerCatch admin','2016-04-18 14:04:11.897+02',0,0);
insert into konfigurasjon.page_fieldproperty (id, id_page, id_fieldproperty, sortorder, changed_by, changed_date, deleted, gui) values ('c9b9baa7-d314-466c-9df5-66c3da2ef3be','3ce54236-966e-4968-bc98-f74c5193977d','6996069d-b176-4714-8f33-63d34a1763e5',8,'PowerCatch admin','2016-04-18 14:04:11.771+02',0,0);
insert into konfigurasjon.page_fieldproperty (id, id_page, id_fieldproperty, sortorder, changed_by, changed_date, deleted, gui) values ('e8211f43-1171-4a40-a5ca-2993e2cc0b4a','3ce54236-966e-4968-bc98-f74c5193977d','3d4bbeb9-aee4-4a81-80af-463b190a32a9',9,'PowerCatch admin','2016-04-18 14:04:11.783+02',0,0);
insert into konfigurasjon.page_fieldproperty (id, id_page, id_fieldproperty, sortorder, changed_by, changed_date, deleted, gui) values ('470a6e41-9cd3-4d3a-ab6a-70afa7d916e2','3ce54236-966e-4968-bc98-f74c5193977d','5b022a24-79c0-42e0-9f60-15522c2073e9',10,'PowerCatch admin','2016-04-18 14:04:11.786+02',0,0);
insert into konfigurasjon.page_fieldproperty (id, id_page, id_fieldproperty, sortorder, changed_by, changed_date, deleted, gui) values ('86296531-44c0-4ba3-9387-463d75848cc8','358889bb-18b2-4848-8d17-07a686a1eaad','f7a81587-7381-451a-a7f4-8eaf6c66cf9b',1,'PowerCatch admin','2016-04-18 14:05:51.647+02',0,0);
update konfigurasjon.fieldproperty set label = NULL, editable = 1, required = 1, checkboxvalidationid = NULL, id_field = '993af071-d4b9-457a-b233-2837d601e701', hidden = 0, scannable = 1, hide_values = 1, cross_validation = 1, dependency_field = NULL, changed_by = 'PowerCatch admin', changed_date = '2016-04-19 09:09:01.293+02', deleted = 0, gui = 0 where id = '154a67cb-b247-435a-9a5d-66b6cac1917c';
insert into konfigurasjon.issuetype_page (id, id_issuetype, id_page, sortorder, changed_by, changed_date, deleted, gui) values ('974159de-2d62-47bf-83cd-9a2dbea6a160','2e3a3157-e67b-4cab-8cf1-6bf928d13417','bddfd19e-be03-4a4e-8b87-7d7fcdb5dd30',1,'PowerCatch admin','2016-04-25 09:27:05.261+02',0,0);
insert into konfigurasjon.issuetype_page (id, id_issuetype, id_page, sortorder, changed_by, changed_date, deleted, gui) values ('914fd685-cdb7-4f04-9968-5bfcb070b94e','2e3a3157-e67b-4cab-8cf1-6bf928d13417','3ce54236-966e-4968-bc98-f74c5193977d',6,'PowerCatch admin','2016-04-25 09:27:12.072+02',0,0);
insert into konfigurasjon.issuetype_page (id, id_issuetype, id_page, sortorder, changed_by, changed_date, deleted, gui) values ('810358cd-896a-4dda-9efa-e4026a5c0365','2e3a3157-e67b-4cab-8cf1-6bf928d13417','4f041f44-b539-4eae-8af0-350d1f882dc3',2,'PowerCatch admin','2016-04-25 09:27:12.018+02',0,0);
insert into konfigurasjon.issuetype_page (id, id_issuetype, id_page, sortorder, changed_by, changed_date, deleted, gui) values ('c2dc75bd-5b31-40de-9456-6cf1a8729fef','2e3a3157-e67b-4cab-8cf1-6bf928d13417','7cf691b0-d8b7-4a0c-a855-ec1610afcb38',3,'PowerCatch admin','2016-04-25 09:27:12.021+02',0,0);
insert into konfigurasjon.issuetype_page (id, id_issuetype, id_page, sortorder, changed_by, changed_date, deleted, gui) values ('3481467b-b13d-4979-b775-fa59b17ea5f5','2e3a3157-e67b-4cab-8cf1-6bf928d13417','3d75290b-0e58-42f4-a418-4247a9ac5aee',4,'PowerCatch admin','2016-04-25 09:27:12.032+02',0,0);
insert into konfigurasjon.issuetype_page (id, id_issuetype, id_page, sortorder, changed_by, changed_date, deleted, gui) values ('259d4c8b-8221-4916-9dbe-82708eb9e58b','2e3a3157-e67b-4cab-8cf1-6bf928d13417','a51e1a2d-1ecf-4e95-8bae-f82b3aac122f',5,'PowerCatch admin','2016-04-25 09:27:12.034+02',0,0);
insert into konfigurasjon.issuetype_page (id, id_issuetype, id_page, sortorder, changed_by, changed_date, deleted, gui) values ('989091a2-6b9f-44a2-8b7e-95240e316eb9','2e3a3157-e67b-4cab-8cf1-6bf928d13417','358889bb-18b2-4848-8d17-07a686a1eaad',7,'PowerCatch admin','2016-04-25 09:27:12.076+02',0,0);


-- PC-3315
insert into konfigurasjon.page_fieldproperty (id, id_page, id_fieldproperty, sortorder, changed_by, changed_date, deleted, gui) values ('2befbb71-e523-4ad4-8cdc-9dec633b69f2','d60b4ce8-b763-4fc3-a025-5bbfd5d93d4b','c8c7e78b-2947-4a00-a55e-e56832de3164',3,'PowerCatch admin','2016-04-12 14:18:24.649+02',0,0);
update konfigurasjon.page_fieldproperty set id_page = 'd60b4ce8-b763-4fc3-a025-5bbfd5d93d4b', id_fieldproperty = '8dba3475-42de-4979-9643-2b577b35e51c', sortorder = 14, changed_by = 'PowerCatch admin', changed_date = '2016-04-12 14:18:25.196+02', deleted = 0, gui = 0 where id = '292a9bd9-f9a9-42d3-ac00-41ec83ca418e';
update konfigurasjon.page_fieldproperty set id_page = 'd60b4ce8-b763-4fc3-a025-5bbfd5d93d4b', id_fieldproperty = 'a5183a73-d791-4909-9de8-188819cb37fe', sortorder = 4, changed_by = 'PowerCatch admin', changed_date = '2016-04-12 14:18:25.16+02', deleted = 0, gui = 0 where id = '0fbbfcfc-1259-48b8-91ce-73c5d71d0d6b';
update konfigurasjon.page_fieldproperty set id_page = 'd60b4ce8-b763-4fc3-a025-5bbfd5d93d4b', id_fieldproperty = '17bf0852-a794-4b39-9b12-07e5332d3a9b', sortorder = 5, changed_by = 'PowerCatch admin', changed_date = '2016-04-12 14:18:25.186+02', deleted = 0, gui = 0 where id = 'b02b9b06-b057-45a4-96fc-d7a831e83f70';
update konfigurasjon.page_fieldproperty set id_page = 'd60b4ce8-b763-4fc3-a025-5bbfd5d93d4b', id_fieldproperty = '32f2d6c2-c4d3-4bf8-84bc-9fad0976b349', sortorder = 6, changed_by = 'PowerCatch admin', changed_date = '2016-04-12 14:18:25.187+02', deleted = 0, gui = 0 where id = 'dbbf6e9a-a155-405c-90bd-2c3b7e922088';
update konfigurasjon.page_fieldproperty set id_page = 'd60b4ce8-b763-4fc3-a025-5bbfd5d93d4b', id_fieldproperty = 'b97ad7bf-8b3f-4386-a9f7-019ea28a4f10', sortorder = 7, changed_by = 'PowerCatch admin', changed_date = '2016-04-12 14:18:25.188+02', deleted = 0, gui = 0 where id = '136ebc0d-61e0-4320-a520-8dd00a44ed26';
update konfigurasjon.page_fieldproperty set id_page = 'd60b4ce8-b763-4fc3-a025-5bbfd5d93d4b', id_fieldproperty = 'ca8330e3-cc98-4bc6-bf54-6f637e2320b5', sortorder = 8, changed_by = 'PowerCatch admin', changed_date = '2016-04-12 14:18:25.189+02', deleted = 0, gui = 0 where id = '931c66c5-03cd-45ef-9c91-c7d884d0fcf0';
update konfigurasjon.page_fieldproperty set id_page = 'd60b4ce8-b763-4fc3-a025-5bbfd5d93d4b', id_fieldproperty = 'f8c8bded-37f4-4f9f-b29f-33f4636ff1d7', sortorder = 9, changed_by = 'PowerCatch admin', changed_date = '2016-04-12 14:18:25.19+02', deleted = 0, gui = 0 where id = '8fb3fef7-ea26-40e1-8760-bafab8820963';
update konfigurasjon.page_fieldproperty set id_page = 'd60b4ce8-b763-4fc3-a025-5bbfd5d93d4b', id_fieldproperty = '088b7421-cc6f-4572-a4e0-3013fb57dca1', sortorder = 10, changed_by = 'PowerCatch admin', changed_date = '2016-04-12 14:18:25.192+02', deleted = 0, gui = 0 where id = '2ac0173e-04f1-424c-a938-d23c8eb8729f';
update konfigurasjon.page_fieldproperty set id_page = 'd60b4ce8-b763-4fc3-a025-5bbfd5d93d4b', id_fieldproperty = 'fd91ea18-9126-4079-a170-4cb380c88d49', sortorder = 11, changed_by = 'PowerCatch admin', changed_date = '2016-04-12 14:18:25.193+02', deleted = 0, gui = 0 where id = '216033ca-9220-4f34-97d8-96d86b6adaad';
update konfigurasjon.page_fieldproperty set id_page = 'd60b4ce8-b763-4fc3-a025-5bbfd5d93d4b', id_fieldproperty = '4ec286c4-a587-43e9-96ca-aafbbd4f103b', sortorder = 12, changed_by = 'PowerCatch admin', changed_date = '2016-04-12 14:18:25.194+02', deleted = 0, gui = 0 where id = '6fb03a6b-8ae3-41da-9e86-661549338867';
update konfigurasjon.page_fieldproperty set id_page = 'd60b4ce8-b763-4fc3-a025-5bbfd5d93d4b', id_fieldproperty = '479cd743-35ca-4a2c-92ae-ea3fbcc1e726', sortorder = 13, changed_by = 'PowerCatch admin', changed_date = '2016-04-12 14:18:25.195+02', deleted = 0, gui = 0 where id = 'adc241d3-05c8-4576-8db1-8a3ffb1bf950';
update konfigurasjon.page_fieldproperty set id_page = 'd60b4ce8-b763-4fc3-a025-5bbfd5d93d4b', id_fieldproperty = 'cb764a62-31d5-46a4-b3ee-e3e0668d7dc7', sortorder = 15, changed_by = 'PowerCatch admin', changed_date = '2016-04-12 14:18:25.198+02', deleted = 0, gui = 0 where id = 'a9b6e901-c592-4c91-a686-f596e718e12d';

delete from konfigurasjon.page_fieldproperty where id = 'd92956a7-56fb-44b2-9635-fb72e00234b2';
delete from konfigurasjon.page_fieldproperty where id = 'd268e4e6-3840-4e28-88ee-92f9adac11a4';
delete from konfigurasjon.page_fieldproperty where id = 'f43d0956-7692-4c84-be8c-96ed6e0ab944';
update konfigurasjon.field set nbr = NULL, name = 'PC_METERPOINT_TRANSFORMER_CLASS', customfieldid = NULL, changed_by = 'PowerCatch admin', changed_date = '2016-04-13 09:01:21.41+02', deleted = 1, gui = 0 where id = 'f359c7d3-8a24-47da-8ac1-7cc72e12b407';
update konfigurasjon.fieldproperty set label = '', editable = 1, required = 0, checkboxvalidationid = NULL, id_field = 'f359c7d3-8a24-47da-8ac1-7cc72e12b407', hidden = NULL, scannable = 0, hide_values = 0, cross_validation = 0, dependency_field = NULL, changed_by = 'PowerCatch Update Script', changed_date = '2016-02-04 09:35:35.845+01', deleted = 1, gui = 0 where id = '61772899-631c-4411-be3f-1538e8957326';
update konfigurasjon.fieldproperty set label = '', editable = 1, required = 0, checkboxvalidationid = NULL, id_field = 'b0b560c4-2de1-42ca-aeb3-e64f05b413bd', hidden = NULL, scannable = 0, hide_values = 0, cross_validation = 0, dependency_field = NULL, changed_by = 'PowerCatch Update Script', changed_date = '2016-02-04 09:35:35.845+01', deleted = 1, gui = 0 where id = 'c84244dc-137c-484e-ac9b-36b227ae91b7';
update konfigurasjon.fieldproperty set label = '', editable = 1, required = 0, checkboxvalidationid = NULL, id_field = '61b1269d-53f5-4dcc-af6a-8af5e3012cc5', hidden = NULL, scannable = 0, hide_values = 0, cross_validation = 0, dependency_field = NULL, changed_by = 'PowerCatch Update Script', changed_date = '2016-02-04 09:35:35.845+01', deleted = 1, gui = 0 where id = '5cc01641-fae9-4ad4-a3bf-632f541b1661';
update konfigurasjon.field set nbr = NULL, name = 'PC_METERPOINT_TRANSFORMER_ID', customfieldid = NULL, changed_by = 'PowerCatch admin', changed_date = '2016-04-13 09:01:22.195+02', deleted = 1, gui = 0 where id = '61b1269d-53f5-4dcc-af6a-8af5e3012cc5';
update konfigurasjon.field set nbr = NULL, name = 'PC_METERPOINT_TRANSFORMERREDUCTION', customfieldid = NULL, changed_by = 'PowerCatch admin', changed_date = '2016-04-13 09:01:22.2+02', deleted = 1, gui = 0 where id = 'b0b560c4-2de1-42ca-aeb3-e64f05b413bd';

update konfigurasjon.page_fieldproperty set id_page = 'bddfd19e-be03-4a4e-8b87-7d7fcdb5dd30', id_fieldproperty = 'd963c52b-3079-4ac5-a3ab-8ead9c472546', sortorder = 4, changed_by = 'PowerCatch admin', changed_date = '2016-04-13 09:07:40.126+02', deleted = 0, gui = 0 where id = '81512c00-403a-4e98-be16-d2da119ffcd8';
insert into konfigurasjon.page_fieldproperty (id, id_page, id_fieldproperty, sortorder, changed_by, changed_date, deleted, gui) values ('b6e3460f-5676-4661-a35b-ac5268581868','bddfd19e-be03-4a4e-8b87-7d7fcdb5dd30','d7516a80-1965-4d08-b899-50977c63c5e1',2,'PowerCatch admin','2016-04-13 09:07:40.004+02',0,0);
update konfigurasjon.page_fieldproperty set id_page = 'bddfd19e-be03-4a4e-8b87-7d7fcdb5dd30', id_fieldproperty = '4a019e67-69be-4a0a-82f3-5ac65780db35', sortorder = 3, changed_by = 'PowerCatch admin', changed_date = '2016-04-13 09:07:40.103+02', deleted = 0, gui = 0 where id = '6169eb6c-14ef-4165-9439-fc96f7709e03';
update konfigurasjon.page_fieldproperty set id_page = 'bddfd19e-be03-4a4e-8b87-7d7fcdb5dd30', id_fieldproperty = '2c44e699-173c-4091-9a5c-873e459618a3', sortorder = 5, changed_by = 'PowerCatch admin', changed_date = '2016-04-13 09:07:40.128+02', deleted = 0, gui = 0 where id = '2ef4402a-6169-4487-9a9a-16bee1c85c44';


-- PC-3321
delete from konfigurasjon.page_fieldproperty where id = 'c7462cef-eca4-41cd-88ed-4d2ec4027077';
delete from konfigurasjon.page_fieldproperty where id = '37c789b3-f51c-472f-8743-b1d576401b10';
delete from konfigurasjon.page_fieldproperty where id = '50acb064-0438-452b-8c32-040eac94c4a0';
delete from konfigurasjon.page_fieldproperty where id = '28146cc2-2013-4137-9e83-3713c0d3befd';
delete from konfigurasjon.page_fieldproperty where id = '0b43baf1-45cc-4538-a60a-06340d3ab087';
delete from konfigurasjon.page_fieldproperty where id = 'f7f152a0-76c3-436b-a2aa-e95cf0c03953';
delete from konfigurasjon.page_fieldproperty where id = '48b5c7af-7dd8-480f-9e24-cc5e8764093d';
delete from konfigurasjon.page_fieldproperty where id = '1878813b-9006-4548-aaf1-fa6f8bb36ca6';
delete from konfigurasjon.page_fieldproperty where id = '5da68ed8-fdaa-48c9-a486-2d11885a2c61';
delete from konfigurasjon.page_fieldproperty where id = '3bec7e51-9896-4c52-b81c-bbb370344b0e';
delete from konfigurasjon.page_fieldproperty where id = '5d08f624-f4ed-4065-93b8-b53e31d185b0';
delete from konfigurasjon.page_fieldproperty where id = 'e3eea61d-dc7f-481e-bea2-71560c80e59d';
delete from konfigurasjon.page_fieldproperty where id = '2ac0173e-04f1-424c-a938-d23c8eb8729f';
delete from konfigurasjon.page_fieldproperty where id = '0fbbfcfc-1259-48b8-91ce-73c5d71d0d6b';
delete from konfigurasjon.page_fieldproperty where id = '136ebc0d-61e0-4320-a520-8dd00a44ed26';
delete from konfigurasjon.page_fieldproperty where id = 'adc241d3-05c8-4576-8db1-8a3ffb1bf950';

insert into konfigurasjon.fieldproperty (id, label, editable, required, checkboxvalidationid, id_field, hidden, scannable, hide_values, cross_validation, dependency_field, changed_by, changed_date, deleted, gui) values ('ff9a247f-3d48-4e9d-8888-d7c98c241136','Tidspunkt for utført arbeid',1,1,NULL,'ae41fe48-adb0-4307-bd3d-920873b6963c',0,0,0,0,NULL,'PowerCatch admin','2016-04-14 13:37:18.629+02',0,0);
delete from konfigurasjon.page_fieldproperty where id = '2befbb71-e523-4ad4-8cdc-9dec633b69f2';
update konfigurasjon.page_fieldproperty set id_page = 'd60b4ce8-b763-4fc3-a025-5bbfd5d93d4b', id_fieldproperty = '8dba3475-42de-4979-9643-2b577b35e51c', sortorder = 10, changed_by = 'PowerCatch admin', changed_date = '2016-04-14 13:38:37.698+02', deleted = 0, gui = 0 where id = '292a9bd9-f9a9-42d3-ac00-41ec83ca418e';
insert into konfigurasjon.page_fieldproperty (id, id_page, id_fieldproperty, sortorder, changed_by, changed_date, deleted, gui) values ('58daeab3-9abc-4298-bdef-0b0d83fdb6da','d60b4ce8-b763-4fc3-a025-5bbfd5d93d4b','ff9a247f-3d48-4e9d-8888-d7c98c241136',3,'PowerCatch admin','2016-04-14 13:38:37.123+02',0,0);
update konfigurasjon.page_fieldproperty set id_page = 'd60b4ce8-b763-4fc3-a025-5bbfd5d93d4b', id_fieldproperty = '17bf0852-a794-4b39-9b12-07e5332d3a9b', sortorder = 4, changed_by = 'PowerCatch admin', changed_date = '2016-04-14 13:38:37.128+02', deleted = 0, gui = 0 where id = 'b02b9b06-b057-45a4-96fc-d7a831e83f70';
update konfigurasjon.page_fieldproperty set id_page = 'd60b4ce8-b763-4fc3-a025-5bbfd5d93d4b', id_fieldproperty = '32f2d6c2-c4d3-4bf8-84bc-9fad0976b349', sortorder = 5, changed_by = 'PowerCatch admin', changed_date = '2016-04-14 13:38:37.681+02', deleted = 0, gui = 0 where id = 'dbbf6e9a-a155-405c-90bd-2c3b7e922088';
update konfigurasjon.page_fieldproperty set id_page = 'd60b4ce8-b763-4fc3-a025-5bbfd5d93d4b', id_fieldproperty = 'ca8330e3-cc98-4bc6-bf54-6f637e2320b5', sortorder = 6, changed_by = 'PowerCatch admin', changed_date = '2016-04-14 13:38:37.688+02', deleted = 0, gui = 0 where id = '931c66c5-03cd-45ef-9c91-c7d884d0fcf0';
update konfigurasjon.page_fieldproperty set id_page = 'd60b4ce8-b763-4fc3-a025-5bbfd5d93d4b', id_fieldproperty = 'f8c8bded-37f4-4f9f-b29f-33f4636ff1d7', sortorder = 7, changed_by = 'PowerCatch admin', changed_date = '2016-04-14 13:38:37.691+02', deleted = 0, gui = 0 where id = '8fb3fef7-ea26-40e1-8760-bafab8820963';
update konfigurasjon.page_fieldproperty set id_page = 'd60b4ce8-b763-4fc3-a025-5bbfd5d93d4b', id_fieldproperty = 'fd91ea18-9126-4079-a170-4cb380c88d49', sortorder = 8, changed_by = 'PowerCatch admin', changed_date = '2016-04-14 13:38:37.694+02', deleted = 0, gui = 0 where id = '216033ca-9220-4f34-97d8-96d86b6adaad';
update konfigurasjon.page_fieldproperty set id_page = 'd60b4ce8-b763-4fc3-a025-5bbfd5d93d4b', id_fieldproperty = '4ec286c4-a587-43e9-96ca-aafbbd4f103b', sortorder = 9, changed_by = 'PowerCatch admin', changed_date = '2016-04-14 13:38:37.696+02', deleted = 0, gui = 0 where id = '6fb03a6b-8ae3-41da-9e86-661549338867';
update konfigurasjon.page_fieldproperty set id_page = 'd60b4ce8-b763-4fc3-a025-5bbfd5d93d4b', id_fieldproperty = 'cb764a62-31d5-46a4-b3ee-e3e0668d7dc7', sortorder = 11, changed_by = 'PowerCatch admin', changed_date = '2016-04-14 13:38:37.7+02', deleted = 0, gui = 0 where id = 'a9b6e901-c592-4c91-a686-f596e718e12d';


-- PC-3240
-- Set hidden på datofelter
update konfigurasjon.fieldproperty set label = 'Avlesningstidspunkt reaktiv produksjon', editable = 1, required = 0, checkboxvalidationid = NULL, id_field = '3a32df75-1951-41fd-9a8b-bd92ad938158', hidden = 1, scannable = 0, hide_values = 0, cross_validation = 0, dependency_field = NULL, changed_by = 'PowerCatch admin', changed_date = '2016-04-11 18:16:46.876+02', deleted = 0, gui = 0 where id = 'cb764a62-31d5-46a4-b3ee-e3e0668d7dc7';
update konfigurasjon.fieldproperty set label = 'Avlesningstidspunkt aktiv produksjon', editable = 1, required = 0, checkboxvalidationid = NULL, id_field = '19842486-c549-4cde-bc39-52f1aa587951', hidden = 1, scannable = 0, hide_values = 0, cross_validation = 0, dependency_field = NULL, changed_by = 'PowerCatch admin', changed_date = '2016-04-11 18:16:46.924+02', deleted = 0, gui = 0 where id = 'f8c8bded-37f4-4f9f-b29f-33f4636ff1d7';
update konfigurasjon.fieldproperty set label = 'Avlesningstidspunkt reaktiv forbruk', editable = 1, required = 0, checkboxvalidationid = NULL, id_field = '8703f4a6-7412-460e-a9de-06988fe87d60', hidden = 1, scannable = 0, hide_values = 0, cross_validation = 0, dependency_field = NULL, changed_by = 'PowerCatch admin', changed_date = '2016-04-11 18:16:59.273+02', deleted = 0, gui = 0 where id = '4ec286c4-a587-43e9-96ca-aafbbd4f103b';
update konfigurasjon.fieldproperty set label = 'Avlesningstidspunkt aktiv forbruk', editable = 1, required = 0, checkboxvalidationid = NULL, id_field = '5efb07c6-0abf-4826-b3be-84c81ca346aa', hidden = 1, scannable = 0, hide_values = 0, cross_validation = 0, dependency_field = NULL, changed_by = 'PowerCatch admin', changed_date = '2016-04-11 18:17:12.493+02', deleted = 0, gui = 0 where id = '32f2d6c2-c4d3-4bf8-84bc-9fad0976b349';
-- Sett dato felt som dependency felter
update konfigurasjon.fieldproperty set label = 'Målerstand aktiv forbruk', editable = 1, required = 0, checkboxvalidationid = NULL, id_field = '7dd287cf-953c-45d4-aa9d-935dfb499808', hidden = 0, scannable = 0, hide_values = 1, cross_validation = 1, dependency_field = 'PC_NEW_METER_STATE_ENERGY_CONSUMPTION_ACTIVE_REGISTRATION_DATE_TIME', changed_by = 'PowerCatch admin', changed_date = '2016-04-11 18:08:43.487+02', deleted = 0, gui = 0 where id = '17bf0852-a794-4b39-9b12-07e5332d3a9b';
update konfigurasjon.fieldproperty set label = 'Målerstand aktiv produksjon', editable = 1, required = 0, checkboxvalidationid = NULL, id_field = '369d4ad5-e1c1-4079-8b00-597ecdfee3b2', hidden = 0, scannable = 0, hide_values = 1, cross_validation = 1, dependency_field = 'PC_NEW_METER_STATE_ENERGY_PRODUCTION_ACTIVE_REGISTRATION_DATE_TIME', changed_by = 'PowerCatch admin', changed_date = '2016-04-11 18:52:19.712+02', deleted = 0, gui = 0 where id = 'ca8330e3-cc98-4bc6-bf54-6f637e2320b5';
update konfigurasjon.fieldproperty set label = 'Målerstand reaktiv forbruk', editable = 1, required = 0, checkboxvalidationid = NULL, id_field = '60b6bce0-26b1-44ec-b28f-675a19cd73cf', hidden = 0, scannable = 0, hide_values = 1, cross_validation = 1, dependency_field = 'PC_NEW_METER_STATE_ENERGY_CONSUMPTION_REACTIVE_REGISTRATION_DATE_TIME', changed_by = 'PowerCatch admin', changed_date = '2016-04-11 18:52:19.625+02', deleted = 0, gui = 0 where id = 'fd91ea18-9126-4079-a170-4cb380c88d49';
update konfigurasjon.fieldproperty set label = 'Målerstand reaktiv produksjon', editable = 1, required = 0, checkboxvalidationid = NULL, id_field = '5b1add31-5ae5-418f-98a5-1acdf4397c75', hidden = 0, scannable = 0, hide_values = 1, cross_validation = 1, dependency_field = 'PC_NEW_METER_STATE_ENERGY_PRODUCTION_REACTIVE_REGISTRATION_DATE_TIME', changed_by = 'PowerCatch admin', changed_date = '2016-04-11 19:03:19.762+02', deleted = 0, gui = 0 where id = '8dba3475-42de-4979-9643-2b577b35e51c';

update konfigurasjon.fieldproperty set label = 'Målerstand aktiv forbruk', editable = 1, required = 1, checkboxvalidationid = NULL, id_field = '60216aa1-b370-4e30-97df-c4d401d40837', hidden = 0, scannable = 0, hide_values = 1, cross_validation = 1, dependency_field = 'PC_EXISTING_METER_STATE_ENERGY_CONSUMPTION_ACTIVE_REGISTRATION_DATE_TIME', changed_by = 'PowerCatch admin', changed_date = '2016-04-18 14:56:32.198+02', deleted = 0, gui = 0 where id = 'efaf1e64-86f7-428a-a127-94e9e801df0a';
update konfigurasjon.fieldproperty set label = 'Målerstand aktiv forbruk', editable = 1, required = 0, checkboxvalidationid = NULL, id_field = '60216aa1-b370-4e30-97df-c4d401d40837', hidden = 0, scannable = 0, hide_values = 1, cross_validation = 1, dependency_field = 'PC_EXISTING_METER_STATE_ENERGY_CONSUMPTION_ACTIVE_REGISTRATION_DATE_TIME', changed_by = 'PowerCatch admin', changed_date = '2016-04-18 14:56:32.23+02', deleted = 0, gui = 0 where id = 'd54bd9e4-78f8-4b1d-829b-e7ebf7428f70';
update konfigurasjon.fieldproperty set label = 'Avlesningstidspunkt aktiv forbruk', editable = 1, required = 1, checkboxvalidationid = NULL, id_field = '967f3122-df66-44b6-ad13-7f2a1fbf4afb', hidden = 1, scannable = 0, hide_values = 0, cross_validation = 0, dependency_field = NULL, changed_by = 'PowerCatch admin', changed_date = '2016-04-18 14:59:19.396+02', deleted = 0, gui = 0 where id = 'f6ea90be-890e-493f-b94c-f99883d561a7';
update konfigurasjon.fieldproperty set label = 'Avlesningstidspunkt aktiv forbruk', editable = 1, required = 0, checkboxvalidationid = NULL, id_field = '967f3122-df66-44b6-ad13-7f2a1fbf4afb', hidden = 1, scannable = 0, hide_values = 0, cross_validation = 0, dependency_field = NULL, changed_by = 'PowerCatch admin', changed_date = '2016-04-18 14:59:19.4+02', deleted = 0, gui = 0 where id = 'd8061d15-0be1-440d-a691-d69029240aa2';
update konfigurasjon.fieldproperty set label = 'Målerstand aktiv produksjon', editable = 1, required = 0, checkboxvalidationid = NULL, id_field = '21e0a822-082c-4612-a1a7-3d7f2d4af3ba', hidden = 0, scannable = 0, hide_values = 1, cross_validation = 1, dependency_field = 'PC_EXISTING_METER_STATE_ENERGY_PRODUCTION_ACTIVE_REGISTRATION_DATE_TIME', changed_by = 'PowerCatch admin', changed_date = '2016-04-18 15:15:57.251+02', deleted = 0, gui = 0 where id = '905b0962-9b00-4d3e-bd75-062d8d4dfc5a';
update konfigurasjon.fieldproperty set label = 'Avlesningstidspunkt aktiv produksjon', editable = 1, required = 0, checkboxvalidationid = NULL, id_field = '139a7d0d-1af3-4035-935c-566f87bc626b', hidden = 1, scannable = 0, hide_values = 0, cross_validation = 0, dependency_field = NULL, changed_by = 'PowerCatch admin', changed_date = '2016-04-18 15:16:19.697+02', deleted = 0, gui = 0 where id = 'c2abf9a0-e21f-4081-bab3-aa78de93a996';
update konfigurasjon.fieldproperty set label = 'Målerstand reaktiv forbruk', editable = 1, required = 0, checkboxvalidationid = NULL, id_field = '2aa0ae8f-2e48-4b62-a0ec-e3e03fbc2396', hidden = 0, scannable = 0, hide_values = 1, cross_validation = 1, dependency_field = 'PC_EXISTING_METER_STATE_ENERGY_CONSUMPTION_REACTIVE_REGISTRATION_DATE_TIME', changed_by = 'PowerCatch admin', changed_date = '2016-04-18 15:17:40.212+02', deleted = 0, gui = 0 where id = 'a7e237aa-32f8-4830-9ce9-fedb7cce46fb';
update konfigurasjon.fieldproperty set label = 'Avlesningstidspunkt reaktiv forbruk', editable = 1, required = 0, checkboxvalidationid = NULL, id_field = '421ff470-c236-488d-9081-0004a990f7df', hidden = 1, scannable = 0, hide_values = 0, cross_validation = 0, dependency_field = NULL, changed_by = 'PowerCatch admin', changed_date = '2016-04-18 15:17:50.034+02', deleted = 0, gui = 0 where id = '64957542-a720-4837-9273-f67a273104b5';
update konfigurasjon.fieldproperty set label = 'Målerstand reaktiv produksjon', editable = 1, required = 0, checkboxvalidationid = NULL, id_field = '9da2b5a6-7600-4119-863a-cb2bbf7f075c', hidden = 0, scannable = 0, hide_values = 1, cross_validation = 1, dependency_field = 'PC_EXISTING_METER_STATE_ENERGY_PRODUCTION_REACTIVE_REGISTRATION_DATE_TIME', changed_by = 'PowerCatch admin', changed_date = '2016-04-18 15:18:25.997+02', deleted = 0, gui = 0 where id = '7e516fa9-6720-41ce-a0ef-5b5b4d374603';
update konfigurasjon.fieldproperty set label = 'Avlesningstidspunkt reaktiv produksjon', editable = 1, required = 0, checkboxvalidationid = NULL, id_field = '7af5a2d3-0659-427e-9bf3-a0ce7318e8e9', hidden = 1, scannable = 0, hide_values = 0, cross_validation = 0, dependency_field = NULL, changed_by = 'PowerCatch admin', changed_date = '2016-04-18 15:18:36.155+02', deleted = 0, gui = 0 where id = 'a869ff5d-4235-44da-8817-4a719e6c0e51';
update konfigurasjon.fieldproperty set label = 'Målerstand aktiv forbruk', editable = 1, required = 0, checkboxvalidationid = NULL, id_field = '7dd287cf-953c-45d4-aa9d-935dfb499808', hidden = 0, scannable = 0, hide_values = 1, cross_validation = 1, dependency_field = 'PC_NEW_METER_STATE_ENERGY_CONSUMPTION_ACTIVE_REGISTRATION_DATE_TIME', changed_by = 'PowerCatch admin', changed_date = '2016-04-18 15:28:03.11+02', deleted = 0, gui = 0 where id = '17bf0852-a794-4b39-9b12-07e5332d3a9b';
update konfigurasjon.fieldproperty set label = 'Målerstand reaktiv forbruk', editable = 1, required = 0, checkboxvalidationid = NULL, id_field = '60b6bce0-26b1-44ec-b28f-675a19cd73cf', hidden = 0, scannable = 0, hide_values = 1, cross_validation = 1, dependency_field = 'PC_NEW_METER_STATE_ENERGY_CONSUMPTION_REACTIVE_REGISTRATION_DATE_TIME', changed_by = 'PowerCatch admin', changed_date = '2016-04-18 15:29:02.114+02', deleted = 0, gui = 0 where id = 'fd91ea18-9126-4079-a170-4cb380c88d49';
update konfigurasjon.fieldproperty set label = 'Målernummer', editable = 1, required = 1, checkboxvalidationid = NULL, id_field = '5dd4e65b-3525-40e6-9c15-f1a8f342dbe0', hidden = 0, scannable = 1, hide_values = 1, cross_validation = 1, dependency_field = 'PC_WORK_COMPLETED_DATE_TIME', changed_by = 'PowerCatch admin', changed_date = '2016-04-19 07:35:00.584+02', deleted = 0, gui = 0 where id = '6fe6314a-3564-43fd-a46e-6550f1cc82ef';
update konfigurasjon.fieldproperty set label = NULL, editable = 1, required = 1, checkboxvalidationid = NULL, id_field = 'ae41fe48-adb0-4307-bd3d-920873b6963c', hidden = 1, scannable = 0, hide_values = 0, cross_validation = 0, dependency_field = NULL, changed_by = 'PowerCatch admin', changed_date = '2016-04-19 07:36:35.425+02', deleted = 0, gui = 0 where id = 'c8c7e78b-2947-4a00-a55e-e56832de3164';

-- PC-3319
insert into konfigurasjon.page (id, nbr, name, signaturerequired, commentpresent, show_camera_on_page, changed_by, changed_date, deleted, gui) values ('bf461f83-09bd-43ec-ac76-faa384da23ad',130,'pc.page.existing.meter',0,0,1,'PowerCatch admin','2016-04-19 08:02:35.854+02',0,0);
insert into konfigurasjon.page_fieldproperty (id, id_page, id_fieldproperty, sortorder, changed_by, changed_date, deleted, gui) values ('95db5ec6-1691-4ca9-9819-7923074f090c','bf461f83-09bd-43ec-ac76-faa384da23ad','d7516a80-1965-4d08-b899-50977c63c5e1',1,'PowerCatch admin','2016-04-19 08:07:05.737+02',0,0);
insert into konfigurasjon.page_fieldproperty (id, id_page, id_fieldproperty, sortorder, changed_by, changed_date, deleted, gui) values ('80cc1fcd-b05d-4b0a-a83c-0257e7161b67','bf461f83-09bd-43ec-ac76-faa384da23ad','d54bd9e4-78f8-4b1d-829b-e7ebf7428f70',2,'PowerCatch admin','2016-04-19 08:07:05.903+02',0,0);
insert into konfigurasjon.page_fieldproperty (id, id_page, id_fieldproperty, sortorder, changed_by, changed_date, deleted, gui) values ('084b505a-27c7-4fd3-a88f-dd8f6e3a0d10','bf461f83-09bd-43ec-ac76-faa384da23ad','d8061d15-0be1-440d-a691-d69029240aa2',3,'PowerCatch admin','2016-04-19 08:07:05.905+02',0,0);
insert into konfigurasjon.page_fieldproperty (id, id_page, id_fieldproperty, sortorder, changed_by, changed_date, deleted, gui) values ('a739166f-6bdb-408c-915b-cc305f7e5d3a','bf461f83-09bd-43ec-ac76-faa384da23ad','905b0962-9b00-4d3e-bd75-062d8d4dfc5a',4,'PowerCatch admin','2016-04-19 08:07:05.906+02',0,0);
insert into konfigurasjon.page_fieldproperty (id, id_page, id_fieldproperty, sortorder, changed_by, changed_date, deleted, gui) values ('096a5346-fdd9-4b19-8621-ccb3eba880bc','bf461f83-09bd-43ec-ac76-faa384da23ad','c2abf9a0-e21f-4081-bab3-aa78de93a996',5,'PowerCatch admin','2016-04-19 08:07:05.907+02',0,0);
insert into konfigurasjon.page_fieldproperty (id, id_page, id_fieldproperty, sortorder, changed_by, changed_date, deleted, gui) values ('aeb9096a-adf3-4840-9697-2c4a8068b05f','bf461f83-09bd-43ec-ac76-faa384da23ad','a7e237aa-32f8-4830-9ce9-fedb7cce46fb',6,'PowerCatch admin','2016-04-19 08:07:05.909+02',0,0);
insert into konfigurasjon.page_fieldproperty (id, id_page, id_fieldproperty, sortorder, changed_by, changed_date, deleted, gui) values ('d278f5fb-bb05-4873-9e9b-621be628199a','bf461f83-09bd-43ec-ac76-faa384da23ad','64957542-a720-4837-9273-f67a273104b5',7,'PowerCatch admin','2016-04-19 08:07:05.91+02',0,0);
insert into konfigurasjon.page_fieldproperty (id, id_page, id_fieldproperty, sortorder, changed_by, changed_date, deleted, gui) values ('35c8e04a-6efc-4c74-a8cd-4788921de622','bf461f83-09bd-43ec-ac76-faa384da23ad','7e516fa9-6720-41ce-a0ef-5b5b4d374603',8,'PowerCatch admin','2016-04-19 08:07:05.911+02',0,0);
insert into konfigurasjon.page_fieldproperty (id, id_page, id_fieldproperty, sortorder, changed_by, changed_date, deleted, gui) values ('c481c41c-c82a-4777-aeea-01f0bf9007b6','bf461f83-09bd-43ec-ac76-faa384da23ad','a869ff5d-4235-44da-8817-4a719e6c0e51',9,'PowerCatch admin','2016-04-19 08:07:05.917+02',0,0);
delete from konfigurasjon.issuetype_page where id = '113d9225-35b2-4316-9620-bfa9245de563';
update konfigurasjon.issuetype_page set id_issuetype = '53fd5fb9-c750-490c-aafa-619d2d68e923', id_page = '10b1aa61-e654-4afe-b57e-d751f19b2f5c', sortorder = 11, changed_by = 'PowerCatch admin', changed_date = '2016-04-19 08:09:29.174+02', deleted = 0, gui = 0 where id = 'abd28b4f-3727-4b1e-aff9-b8a278781de3';
insert into konfigurasjon.issuetype_page (id, id_issuetype, id_page, sortorder, changed_by, changed_date, deleted, gui) values ('ca0b800c-7721-43c0-a931-8ec105ca252f','53fd5fb9-c750-490c-aafa-619d2d68e923','bf461f83-09bd-43ec-ac76-faa384da23ad',5,'PowerCatch admin','2016-04-19 08:09:29.081+02',0,0);
update konfigurasjon.issuetype_page set id_issuetype = '53fd5fb9-c750-490c-aafa-619d2d68e923', id_page = '07967eac-bbb3-48a7-963a-4131beeeffed', sortorder = 7, changed_by = 'PowerCatch admin', changed_date = '2016-04-19 08:09:29.122+02', deleted = 0, gui = 0 where id = 'bb383672-55cd-4437-97d7-df0d1db2f7aa';
update konfigurasjon.issuetype_page set id_issuetype = '53fd5fb9-c750-490c-aafa-619d2d68e923', id_page = 'b93d7d31-767a-4500-b7a9-cec49d018739', sortorder = 8, changed_by = 'PowerCatch admin', changed_date = '2016-04-19 08:09:29.167+02', deleted = 0, gui = 0 where id = '49fa0e87-1965-49f6-8a96-28deddb4a74e';
update konfigurasjon.issuetype_page set id_issuetype = '53fd5fb9-c750-490c-aafa-619d2d68e923', id_page = 'cfac8400-9aa0-42a9-ac4d-6d6685ae723c', sortorder = 9, changed_by = 'PowerCatch admin', changed_date = '2016-04-19 08:09:29.169+02', deleted = 0, gui = 0 where id = '30643987-ce08-43d6-a639-6cef7bc7b0c4';
update konfigurasjon.issuetype_page set id_issuetype = '53fd5fb9-c750-490c-aafa-619d2d68e923', id_page = '08631c23-a2f7-4d75-9f18-d00937da4683', sortorder = 10, changed_by = 'PowerCatch admin', changed_date = '2016-04-19 08:09:29.172+02', deleted = 0, gui = 0 where id = '0aa217b7-736a-4beb-9610-fca3c40b4417';
update konfigurasjon.issuetype_page set id_issuetype = '53fd5fb9-c750-490c-aafa-619d2d68e923', id_page = 'f3b63b5a-9b9f-473e-a165-6a3f537b0989', sortorder = 12, changed_by = 'PowerCatch admin', changed_date = '2016-04-19 08:09:29.176+02', deleted = 0, gui = 0 where id = '0fd32fa4-e8c8-4518-820d-796201571b9f';


-- PC-3339
insert into konfigurasjon.page (id, nbr, name, signaturerequired, commentpresent, show_camera_on_page, changed_by, changed_date, deleted, gui) values ('1b6ea9fc-7133-4b6d-9517-d343dcc160ed',131,'pc.page.mounting.new.concentrator',0,0,0,'PowerCatch admin','2016-04-19 15:01:18.201+02',0,0);
insert into konfigurasjon.page_fieldproperty (id, id_page, id_fieldproperty, sortorder, changed_by, changed_date, deleted, gui) values ('92de5f80-4e8d-4870-97ad-25457d9d24b8','1b6ea9fc-7133-4b6d-9517-d343dcc160ed','3b06a8bf-7ccc-4b90-911b-0961b5032a83',1,'PowerCatch admin','2016-04-19 15:03:22.376+02',0,0);
update konfigurasjon.issuetype_page set id_issuetype = '7006313c-675f-4c29-9705-0c6dec6bac9f', id_page = '10b1aa61-e654-4afe-b57e-d751f19b2f5c', sortorder = 11, changed_by = 'PowerCatch admin', changed_date = '2016-04-19 15:06:28.539+02', deleted = 0, gui = 0 where id = '951f16a3-3df4-446b-966c-0e65fef522b5';
insert into konfigurasjon.issuetype_page (id, id_issuetype, id_page, sortorder, changed_by, changed_date, deleted, gui) values ('8b0afba5-ee1a-43f0-9a42-358528e85bcc','7006313c-675f-4c29-9705-0c6dec6bac9f','1b6ea9fc-7133-4b6d-9517-d343dcc160ed',9,'PowerCatch admin','2016-04-19 15:06:28.242+02',0,0);
update konfigurasjon.issuetype_page set id_issuetype = '7006313c-675f-4c29-9705-0c6dec6bac9f', id_page = '6bf62319-624f-4816-9226-4962feb982f9', sortorder = 10, changed_by = 'PowerCatch admin', changed_date = '2016-04-19 15:06:28.418+02', deleted = 0, gui = 0 where id = '60bf9d4e-d2af-4bc1-b964-89834cd2fbb8';
update konfigurasjon.issuetype_page set id_issuetype = '7006313c-675f-4c29-9705-0c6dec6bac9f', id_page = 'f3b63b5a-9b9f-473e-a165-6a3f537b0989', sortorder = 12, changed_by = 'PowerCatch admin', changed_date = '2016-04-19 15:06:28.54+02', deleted = 0, gui = 0 where id = '80b84f4b-a15e-492c-aff6-9dee725588ee';
delete from konfigurasjon.page_fieldproperty where id = '92de5f80-4e8d-4870-97ad-25457d9d24b8';
insert into konfigurasjon.page_fieldproperty (id, id_page, id_fieldproperty, sortorder, changed_by, changed_date, deleted, gui) values ('16187735-ce85-4e2a-9321-7dd1de05b5d5','1b6ea9fc-7133-4b6d-9517-d343dcc160ed','154a67cb-b247-435a-9a5d-66b6cac1917c',1,'PowerCatch admin','2016-04-19 15:10:52.38+02',0,0);
insert into konfigurasjon.page (id, nbr, name, signaturerequired, commentpresent, show_camera_on_page, changed_by, changed_date, deleted, gui) values ('3cb4d799-b48c-49ab-9b80-08b7b3fbb36e',132,'pc.page.unmounting.existing.concentrator',0,0,0,'PowerCatch admin','2016-04-19 15:13:44.154+02',0,0);
insert into konfigurasjon.page_fieldproperty (id, id_page, id_fieldproperty, sortorder, changed_by, changed_date, deleted, gui) values ('d8a4806b-640c-4692-83c9-2541091d76ca','3cb4d799-b48c-49ab-9b80-08b7b3fbb36e','3b06a8bf-7ccc-4b90-911b-0961b5032a83',1,'PowerCatch admin','2016-04-19 15:14:35.466+02',0,0);
update konfigurasjon.issuetype_page set id_issuetype = '7006313c-675f-4c29-9705-0c6dec6bac9f', id_page = '10b1aa61-e654-4afe-b57e-d751f19b2f5c', sortorder = 12, changed_by = 'PowerCatch admin', changed_date = '2016-04-19 15:15:59.341+02', deleted = 0, gui = 0 where id = '951f16a3-3df4-446b-966c-0e65fef522b5';
insert into konfigurasjon.issuetype_page (id, id_issuetype, id_page, sortorder, changed_by, changed_date, deleted, gui) values ('9b4ddb27-fd90-4931-ae1b-f2537171ce11','7006313c-675f-4c29-9705-0c6dec6bac9f','3cb4d799-b48c-49ab-9b80-08b7b3fbb36e',9,'PowerCatch admin','2016-04-19 15:15:59.334+02',0,0);
update konfigurasjon.issuetype_page set id_issuetype = '7006313c-675f-4c29-9705-0c6dec6bac9f', id_page = '1b6ea9fc-7133-4b6d-9517-d343dcc160ed', sortorder = 10, changed_by = 'PowerCatch admin', changed_date = '2016-04-19 15:15:59.338+02', deleted = 0, gui = 0 where id = '8b0afba5-ee1a-43f0-9a42-358528e85bcc';
update konfigurasjon.issuetype_page set id_issuetype = '7006313c-675f-4c29-9705-0c6dec6bac9f', id_page = '6bf62319-624f-4816-9226-4962feb982f9', sortorder = 11, changed_by = 'PowerCatch admin', changed_date = '2016-04-19 15:15:59.34+02', deleted = 0, gui = 0 where id = '60bf9d4e-d2af-4bc1-b964-89834cd2fbb8';
update konfigurasjon.issuetype_page set id_issuetype = '7006313c-675f-4c29-9705-0c6dec6bac9f', id_page = 'f3b63b5a-9b9f-473e-a165-6a3f537b0989', sortorder = 13, changed_by = 'PowerCatch admin', changed_date = '2016-04-19 15:15:59.342+02', deleted = 0, gui = 0 where id = '80b84f4b-a15e-492c-aff6-9dee725588ee';
insert into konfigurasjon.fieldproperty (id, label, editable, required, checkboxvalidationid, id_field, hidden, scannable, hide_values, cross_validation, dependency_field, changed_by, changed_date, deleted, gui) values ('f2b8c0c0-dc47-4681-bd9a-69f61a8ea493','Målernummer',0,0,NULL,'a0bef07f-250a-433b-bfed-9104dde14386',0,0,0,0,NULL,'PowerCatch admin','2016-04-20 07:40:39.165+02',0,0);
delete from konfigurasjon.page_fieldproperty where id = 'b6e3460f-5676-4661-a35b-ac5268581868';
insert into konfigurasjon.page_fieldproperty (id, id_page, id_fieldproperty, sortorder, changed_by, changed_date, deleted, gui) values ('288fa1c0-cee6-4d35-b91c-1f8710c5f901','bddfd19e-be03-4a4e-8b87-7d7fcdb5dd30','f2b8c0c0-dc47-4681-bd9a-69f61a8ea493',2,'PowerCatch admin','2016-04-20 07:42:14.032+02',0,0);

-- PC-3368
update konfigurasjon.fieldproperty set label = NULL, editable = 1, required = 0, checkboxvalidationid = NULL, id_field = '993af071-d4b9-457a-b233-2837d601e701', hidden = 0, scannable = 1, hide_values = 1, cross_validation = 1, dependency_field = NULL, changed_by = 'PowerCatch admin', changed_date = '2016-04-26 13:47:42.87+02', deleted = 0, gui = 0 where id = '154a67cb-b247-435a-9a5d-66b6cac1917c';