-- PC-3406
insert into konfigurasjon.page (id, nbr, name, signaturerequired, commentpresent, show_camera_on_page, changed_by, changed_date, deleted, gui) values ('80093519-aeeb-454b-a852-acc5aea10b36',133,'pc.page.existing.meter',0,0,2,'PowerCatch admin','2016-05-30 08:49:53.868+02',0,0);
insert into konfigurasjon.fieldproperty (id, label, editable, required, checkboxvalidationid, id_field, hidden, scannable, hide_values, cross_validation, dependency_field, changed_by, changed_date, deleted, gui) values ('9287e12b-d0c8-44a0-831f-64e37700d53c','Målernummer',1,1,NULL,'a0bef07f-250a-433b-bfed-9104dde14386',0,0,0,0,NULL,'PowerCatch admin','2016-05-30 08:53:24.399+02',0,0);
insert into konfigurasjon.page_fieldproperty (id, id_page, id_fieldproperty, sortorder, changed_by, changed_date, deleted, gui) values ('b380992c-4862-4477-a9cf-7df48f11b000','80093519-aeeb-454b-a852-acc5aea10b36','9287e12b-d0c8-44a0-831f-64e37700d53c',1,'PowerCatch admin','2016-05-30 08:56:48.529+02',0,0);
insert into konfigurasjon.page_fieldproperty (id, id_page, id_fieldproperty, sortorder, changed_by, changed_date, deleted, gui) values ('eda3addd-d0f7-4d05-9372-31194ab7c239','80093519-aeeb-454b-a852-acc5aea10b36','f6ea90be-890e-493f-b94c-f99883d561a7',3,'PowerCatch admin','2016-05-30 08:56:51.229+02',0,0);
insert into konfigurasjon.page_fieldproperty (id, id_page, id_fieldproperty, sortorder, changed_by, changed_date, deleted, gui) values ('43327ad3-abb1-4b5f-a2d7-4ef84819bb08','80093519-aeeb-454b-a852-acc5aea10b36','905b0962-9b00-4d3e-bd75-062d8d4dfc5a',4,'PowerCatch admin','2016-05-30 08:56:51.23+02',0,0);
insert into konfigurasjon.page_fieldproperty (id, id_page, id_fieldproperty, sortorder, changed_by, changed_date, deleted, gui) values ('d275f2fa-59fa-49c2-9ed5-20a02cac6aae','80093519-aeeb-454b-a852-acc5aea10b36','c2abf9a0-e21f-4081-bab3-aa78de93a996',5,'PowerCatch admin','2016-05-30 08:56:51.267+02',0,0);
insert into konfigurasjon.page_fieldproperty (id, id_page, id_fieldproperty, sortorder, changed_by, changed_date, deleted, gui) values ('d1a6ce09-9947-4bb3-a615-434f68e38c44','80093519-aeeb-454b-a852-acc5aea10b36','efaf1e64-86f7-428a-a127-94e9e801df0a',2,'PowerCatch admin','2016-05-30 08:56:51.225+02',0,0);
insert into konfigurasjon.page_fieldproperty (id, id_page, id_fieldproperty, sortorder, changed_by, changed_date, deleted, gui) values ('3f2be41c-4e1f-4176-8518-fc2ab4599e76','80093519-aeeb-454b-a852-acc5aea10b36','64957542-a720-4837-9273-f67a273104b5',7,'PowerCatch admin','2016-05-30 08:56:51.332+02',0,0);
insert into konfigurasjon.page_fieldproperty (id, id_page, id_fieldproperty, sortorder, changed_by, changed_date, deleted, gui) values ('2673a95f-a21d-4ed4-8ccb-ccc3290781e6','80093519-aeeb-454b-a852-acc5aea10b36','7e516fa9-6720-41ce-a0ef-5b5b4d374603',8,'PowerCatch admin','2016-05-30 08:56:51.333+02',0,0);
insert into konfigurasjon.page_fieldproperty (id, id_page, id_fieldproperty, sortorder, changed_by, changed_date, deleted, gui) values ('990e4925-8157-46cd-84fe-88c72959954a','80093519-aeeb-454b-a852-acc5aea10b36','a869ff5d-4235-44da-8817-4a719e6c0e51',9,'PowerCatch admin','2016-05-30 08:56:51.335+02',0,0);
insert into konfigurasjon.page_fieldproperty (id, id_page, id_fieldproperty, sortorder, changed_by, changed_date, deleted, gui) values ('fc270729-6f09-43cb-9218-043a1adb4727','80093519-aeeb-454b-a852-acc5aea10b36','a7e237aa-32f8-4830-9ce9-fedb7cce46fb',6,'PowerCatch admin','2016-05-30 08:56:51.268+02',0,0);
delete from konfigurasjon.issuetype_page where id = 'bebc5a9d-3a6e-4c5b-ae37-c63685b85a26';
insert into konfigurasjon.issuetype_page (id, id_issuetype, id_page, sortorder, changed_by, changed_date, deleted, gui) values ('61d7add7-16f2-4615-b9a9-bdffbc30a3ae','65f9942c-5a39-4668-93e7-3de4c87da209','80093519-aeeb-454b-a852-acc5aea10b36',5,'PowerCatch admin','2016-05-30 09:01:10.895+02',0,0);
delete from konfigurasjon.issuetype_page where id = '5dfad9f3-2d25-4c2f-8cc9-7af1f5c17939';
insert into konfigurasjon.issuetype_page (id, id_issuetype, id_page, sortorder, changed_by, changed_date, deleted, gui) values ('a2bb934c-3d68-4af6-b775-626912a3b62d','e028f89b-ef46-4c25-9929-d504b6fbbadb','80093519-aeeb-454b-a852-acc5aea10b36',5,'PowerCatch admin','2016-05-30 09:01:48.667+02',0,0);
insert into konfigurasjon.fieldproperty (id, label, editable, required, checkboxvalidationid, id_field, hidden, scannable, hide_values, cross_validation, dependency_field, changed_by, changed_date, deleted, gui) values ('372a2e32-7da3-4dcd-87ee-1072301a149b','Antennetype inn',1,1,NULL,'6bb92a3c-8e12-4cd7-9162-3833f22be408',0,0,0,0,NULL,'PowerCatch admin','2016-05-30 09:05:20.242+02',0,0);
insert into konfigurasjon.page (id, nbr, name, signaturerequired, commentpresent, show_camera_on_page, changed_by, changed_date, deleted, gui) values ('8be6f5ac-3860-4bae-b1a2-f4f87619d758',134,'pc.page.meterdata.new.meter',0,0,1,'PowerCatch admin','2016-05-30 09:10:10.549+02',0,0);
update konfigurasjon.page set nbr = 134, name = 'pc.page.meterdata.new.meter', signaturerequired = 0, commentpresent = 0, show_camera_on_page = 2, changed_by = 'PowerCatch admin', changed_date = '2016-05-30 09:12:17.177+02', deleted = 0, gui = 0 where id = '8be6f5ac-3860-4bae-b1a2-f4f87619d758';
insert into konfigurasjon.page_fieldproperty (id, id_page, id_fieldproperty, sortorder, changed_by, changed_date, deleted, gui) values ('396058e4-b6bb-44ba-bd7f-78f9a2a20b3a','8be6f5ac-3860-4bae-b1a2-f4f87619d758','6fe6314a-3564-43fd-a46e-6550f1cc82ef',1,'PowerCatch admin','2016-05-30 09:16:56.327+02',0,0);
insert into konfigurasjon.page_fieldproperty (id, id_page, id_fieldproperty, sortorder, changed_by, changed_date, deleted, gui) values ('95d47dc6-a581-4ef0-9791-3dbb153b10e3','8be6f5ac-3860-4bae-b1a2-f4f87619d758','c8c7e78b-2947-4a00-a55e-e56832de3164',2,'PowerCatch admin','2016-05-30 09:16:56.334+02',0,0);
insert into konfigurasjon.page_fieldproperty (id, id_page, id_fieldproperty, sortorder, changed_by, changed_date, deleted, gui) values ('9900a712-a56b-46b4-a4b8-c83a13b0665d','8be6f5ac-3860-4bae-b1a2-f4f87619d758','372a2e32-7da3-4dcd-87ee-1072301a149b',3,'PowerCatch admin','2016-05-30 09:16:56.337+02',0,0);
insert into konfigurasjon.page_fieldproperty (id, id_page, id_fieldproperty, sortorder, changed_by, changed_date, deleted, gui) values ('fcf145ac-ffa4-475a-a8b5-d997ad34910b','8be6f5ac-3860-4bae-b1a2-f4f87619d758','81ca1545-c5f1-447a-b2fa-d4d74eeaead3',4,'PowerCatch admin','2016-05-30 09:16:56.339+02',0,0);
insert into konfigurasjon.page_fieldproperty (id, id_page, id_fieldproperty, sortorder, changed_by, changed_date, deleted, gui) values ('84874f77-0f56-4a0d-a139-79cb4186880d','8be6f5ac-3860-4bae-b1a2-f4f87619d758','c8db967b-c3f8-4ecf-baab-dfbe21135576',5,'PowerCatch admin','2016-05-30 09:16:56.341+02',0,0);
insert into konfigurasjon.page_fieldproperty (id, id_page, id_fieldproperty, sortorder, changed_by, changed_date, deleted, gui) values ('2d9cf617-a978-473e-a9b5-5f19ac21cef7','8be6f5ac-3860-4bae-b1a2-f4f87619d758','cd656a9b-9c5d-43ab-9413-3013066352b9',6,'PowerCatch admin','2016-05-30 09:16:56.344+02',0,0);
insert into konfigurasjon.page_fieldproperty (id, id_page, id_fieldproperty, sortorder, changed_by, changed_date, deleted, gui) values ('ad70fe32-61fb-4a1b-ab32-ccbc2e15e48f','8be6f5ac-3860-4bae-b1a2-f4f87619d758','bb7966a9-361f-4f9e-9ae8-713ceef26fba',7,'PowerCatch admin','2016-05-30 09:16:56.346+02',0,0);
insert into konfigurasjon.page_fieldproperty (id, id_page, id_fieldproperty, sortorder, changed_by, changed_date, deleted, gui) values ('4f6c2e5c-ace3-4e53-96f4-12ba894b772e','8be6f5ac-3860-4bae-b1a2-f4f87619d758','6996069d-b176-4714-8f33-63d34a1763e5',8,'PowerCatch admin','2016-05-30 09:16:56.349+02',0,0);
insert into konfigurasjon.page_fieldproperty (id, id_page, id_fieldproperty, sortorder, changed_by, changed_date, deleted, gui) values ('6864275d-2c7d-4ac3-b4eb-f80c598338e2','8be6f5ac-3860-4bae-b1a2-f4f87619d758','3d4bbeb9-aee4-4a81-80af-463b190a32a9',9,'PowerCatch admin','2016-05-30 09:16:56.351+02',0,0);
insert into konfigurasjon.page_fieldproperty (id, id_page, id_fieldproperty, sortorder, changed_by, changed_date, deleted, gui) values ('9a9a3b78-711f-44f1-b5fd-d05a322ddad6','8be6f5ac-3860-4bae-b1a2-f4f87619d758','5b022a24-79c0-42e0-9f60-15522c2073e9',10,'PowerCatch admin','2016-05-30 09:16:56.353+02',0,0);
delete from konfigurasjon.issuetype_page where id = 'aa649348-78b8-4c93-8db6-bd388831f1d1';
delete from konfigurasjon.issuetype_page where id = '42780c63-f78d-416f-aca9-60f6b9ac50ce';
insert into konfigurasjon.issuetype_page (id, id_issuetype, id_page, sortorder, changed_by, changed_date, deleted, gui) values ('44e51ff9-b143-46f8-bdd6-50026615f197','65f9942c-5a39-4668-93e7-3de4c87da209','8be6f5ac-3860-4bae-b1a2-f4f87619d758',7,'PowerCatch admin','2016-05-30 09:19:01.996+02',0,0);
insert into konfigurasjon.issuetype_page (id, id_issuetype, id_page, sortorder, changed_by, changed_date, deleted, gui) values ('6e4972b3-6cdc-4bca-bcef-3571eaedc613','e028f89b-ef46-4c25-9929-d504b6fbbadb','8be6f5ac-3860-4bae-b1a2-f4f87619d758',7,'PowerCatch admin','2016-05-30 09:19:15.266+02',0,0);
insert into konfigurasjon.page (id, nbr, name, signaturerequired, commentpresent, show_camera_on_page, changed_by, changed_date, deleted, gui) values ('be7ef53a-26d4-4849-9db5-ed526a0dff87',135,'pc.page.register.new.meter',0,0,0,'PowerCatch admin','2016-05-30 09:31:50.643+02',0,0);
insert into konfigurasjon.fieldproperty (id, label, editable, required, checkboxvalidationid, id_field, hidden, scannable, hide_values, cross_validation, dependency_field, changed_by, changed_date, deleted, gui) values ('2c38af89-a205-408a-9b99-0f7ffc8f216a','Målerstand aktiv forbruk',1,0,NULL,'7dd287cf-953c-45d4-aa9d-935dfb499808',0,0,1,1,'PC_NEW_METER_STATE_ENERGY_CONSUMPTION_ACTIVE_REGISTRATION_DATE_TIME','PowerCatch admin','2016-05-30 09:22:59.617+02',0,0);
update konfigurasjon.fieldproperty set label = 'Målerstand aktiv forbruk', editable = 1, required = 1, checkboxvalidationid = NULL, id_field = '7dd287cf-953c-45d4-aa9d-935dfb499808', hidden = 0, scannable = 0, hide_values = 1, cross_validation = 1, dependency_field = 'PC_NEW_METER_STATE_ENERGY_CONSUMPTION_ACTIVE_REGISTRATION_DATE_TIME', changed_by = 'PowerCatch admin', changed_date = '2016-05-30 09:33:35.109+02', deleted = 0, gui = 0 where id = '2c38af89-a205-408a-9b99-0f7ffc8f216a';
insert into konfigurasjon.page_fieldproperty (id, id_page, id_fieldproperty, sortorder, changed_by, changed_date, deleted, gui) values ('35014eac-4688-4e67-92df-998a485d7f57','be7ef53a-26d4-4849-9db5-ed526a0dff87','32f2d6c2-c4d3-4bf8-84bc-9fad0976b349',2,'PowerCatch admin','2016-05-30 09:36:48.835+02',0,0);
insert into konfigurasjon.page_fieldproperty (id, id_page, id_fieldproperty, sortorder, changed_by, changed_date, deleted, gui) values ('e3e61658-d919-4ed5-9080-9329a8d1d4ce','be7ef53a-26d4-4849-9db5-ed526a0dff87','ca8330e3-cc98-4bc6-bf54-6f637e2320b5',3,'PowerCatch admin','2016-05-30 09:36:48.839+02',0,0);
insert into konfigurasjon.page_fieldproperty (id, id_page, id_fieldproperty, sortorder, changed_by, changed_date, deleted, gui) values ('2f642bdd-4b00-41a8-840e-2aa5cfceedd4','be7ef53a-26d4-4849-9db5-ed526a0dff87','f8c8bded-37f4-4f9f-b29f-33f4636ff1d7',4,'PowerCatch admin','2016-05-30 09:36:48.842+02',0,0);
insert into konfigurasjon.page_fieldproperty (id, id_page, id_fieldproperty, sortorder, changed_by, changed_date, deleted, gui) values ('3f03aaaf-627d-43de-82a3-29c7edb70386','be7ef53a-26d4-4849-9db5-ed526a0dff87','2c38af89-a205-408a-9b99-0f7ffc8f216a',1,'PowerCatch admin','2016-05-30 09:36:48.824+02',0,0);
insert into konfigurasjon.page_fieldproperty (id, id_page, id_fieldproperty, sortorder, changed_by, changed_date, deleted, gui) values ('f685cc3e-d9af-48a1-90fd-92ddf23c9e0a','be7ef53a-26d4-4849-9db5-ed526a0dff87','4ec286c4-a587-43e9-96ca-aafbbd4f103b',6,'PowerCatch admin','2016-05-30 09:36:48.849+02',0,0);
insert into konfigurasjon.page_fieldproperty (id, id_page, id_fieldproperty, sortorder, changed_by, changed_date, deleted, gui) values ('dd36d576-90f8-4160-b477-020c242e9266','be7ef53a-26d4-4849-9db5-ed526a0dff87','8dba3475-42de-4979-9643-2b577b35e51c',7,'PowerCatch admin','2016-05-30 09:36:48.85+02',0,0);
insert into konfigurasjon.page_fieldproperty (id, id_page, id_fieldproperty, sortorder, changed_by, changed_date, deleted, gui) values ('90f8c7ca-2dc0-4c53-b7fb-66ffa39da0a0','be7ef53a-26d4-4849-9db5-ed526a0dff87','cb764a62-31d5-46a4-b3ee-e3e0668d7dc7',8,'PowerCatch admin','2016-05-30 09:36:48.852+02',0,0);
insert into konfigurasjon.page_fieldproperty (id, id_page, id_fieldproperty, sortorder, changed_by, changed_date, deleted, gui) values ('7ba06ef6-ae74-4388-9f3b-edd0c7019904','be7ef53a-26d4-4849-9db5-ed526a0dff87','fd91ea18-9126-4079-a170-4cb380c88d49',5,'PowerCatch admin','2016-05-30 09:36:48.845+02',0,0);
delete from konfigurasjon.issuetype_page where id = '2891a701-5047-4768-b88f-5a039dc75516';
delete from konfigurasjon.issuetype_page where id = 'd9c023ab-5484-4806-b3f4-88a9cce61da8';
insert into konfigurasjon.page (id, nbr, name, signaturerequired, commentpresent, show_camera_on_page, changed_by, changed_date, deleted, gui) values ('021c8fbe-a64b-4565-b009-f8887fdb3d42',136,'pc.page.ekstra',0,0,0,'PowerCatch admin','2016-05-30 09:43:06.17+02',0,0);
insert into konfigurasjon.issuetype_page (id, id_issuetype, id_page, sortorder, changed_by, changed_date, deleted, gui) values ('8798200d-23d4-4f73-994e-7d1f5b332dbf','65f9942c-5a39-4668-93e7-3de4c87da209','be7ef53a-26d4-4849-9db5-ed526a0dff87',8,'PowerCatch admin','2016-05-30 09:38:44.487+02',0,0);
insert into konfigurasjon.issuetype_page (id, id_issuetype, id_page, sortorder, changed_by, changed_date, deleted, gui) values ('03adfb52-da4d-423a-91cc-8c82cb50a93d','e028f89b-ef46-4c25-9929-d504b6fbbadb','be7ef53a-26d4-4849-9db5-ed526a0dff87',8,'PowerCatch admin','2016-05-30 09:38:59.345+02',0,0);
insert into konfigurasjon.fieldproperty (id, label, editable, required, checkboxvalidationid, id_field, hidden, scannable, hide_values, cross_validation, dependency_field, changed_by, changed_date, deleted, gui) values ('b4d59c5d-d75f-4aa6-bd87-2192dc1d00bb',NULL,1,1,NULL,'71b313c3-faf4-4e4a-8e3f-3550e1e39c98',0,0,0,0,NULL,'PowerCatch admin','2016-05-30 09:43:56.942+02',0,0);
insert into konfigurasjon.fieldproperty (id, label, editable, required, checkboxvalidationid, id_field, hidden, scannable, hide_values, cross_validation, dependency_field, changed_by, changed_date, deleted, gui) values ('6bfa0347-dec6-4b28-a11e-0e145355f662',NULL,1,1,NULL,'f5c0ab5e-fd01-434e-89aa-03ad11089c0d',0,0,0,0,NULL,'PowerCatch admin','2016-05-30 09:44:21.000+02',0,0);
insert into konfigurasjon.fieldproperty (id, label, editable, required, checkboxvalidationid, id_field, hidden, scannable, hide_values, cross_validation, dependency_field, changed_by, changed_date, deleted, gui) values ('4b19a41e-b9c1-4a43-af75-a29d438d09bb',NULL,1,1,NULL,'2e552852-1a2a-417f-95ac-ff8d8e630146',0,0,0,0,NULL,'PowerCatch admin','2016-05-30 09:44:51.597+02',0,0);
insert into konfigurasjon.page_fieldproperty (id, id_page, id_fieldproperty, sortorder, changed_by, changed_date, deleted, gui) values ('8d433e53-e01b-4dd5-a1b2-eae4f902b7ff','021c8fbe-a64b-4565-b009-f8887fdb3d42','b4d59c5d-d75f-4aa6-bd87-2192dc1d00bb',1,'PowerCatch admin','2016-05-30 09:50:13.555+02',0,0);
insert into konfigurasjon.page_fieldproperty (id, id_page, id_fieldproperty, sortorder, changed_by, changed_date, deleted, gui) values ('8503c4df-ae55-43b2-8b9e-015852c9c2b7','021c8fbe-a64b-4565-b009-f8887fdb3d42','6bfa0347-dec6-4b28-a11e-0e145355f662',2,'PowerCatch admin','2016-05-30 09:50:13.557+02',0,0);
insert into konfigurasjon.page_fieldproperty (id, id_page, id_fieldproperty, sortorder, changed_by, changed_date, deleted, gui) values ('a9063789-5de4-47a2-bb36-7dedd49d5754','021c8fbe-a64b-4565-b009-f8887fdb3d42','4b19a41e-b9c1-4a43-af75-a29d438d09bb',3,'PowerCatch admin','2016-05-30 09:50:13.558+02',0,0);
insert into konfigurasjon.page_fieldproperty (id, id_page, id_fieldproperty, sortorder, changed_by, changed_date, deleted, gui) values ('5930d099-3702-4d3e-b6f7-58ad066bd3f1','021c8fbe-a64b-4565-b009-f8887fdb3d42','639c023e-1fe9-410f-9dd0-2e733f8b8120',4,'PowerCatch admin','2016-05-30 09:50:13.559+02',0,0);
delete from konfigurasjon.issuetype_page where id = '2f78f19a-1bcc-41d7-abf6-810dc5a61a16';
delete from konfigurasjon.issuetype_page where id = '3d33707f-ae13-4e29-80d5-dfcef114b421';
insert into konfigurasjon.issuetype_page (id, id_issuetype, id_page, sortorder, changed_by, changed_date, deleted, gui) values ('15398596-b4c5-4a13-8a93-92c72f505d5a','65f9942c-5a39-4668-93e7-3de4c87da209','021c8fbe-a64b-4565-b009-f8887fdb3d42',9,'PowerCatch admin','2016-05-30 09:51:14.036+02',0,0);
insert into konfigurasjon.issuetype_page (id, id_issuetype, id_page, sortorder, changed_by, changed_date, deleted, gui) values ('476977a9-76c1-4608-98df-19467c318b28','e028f89b-ef46-4c25-9929-d504b6fbbadb','021c8fbe-a64b-4565-b009-f8887fdb3d42',9,'PowerCatch admin','2016-05-30 09:51:25.832+02',0,0);
insert into konfigurasjon.fieldproperty (id, label, editable, required, checkboxvalidationid, id_field, hidden, scannable, hide_values, cross_validation, dependency_field, changed_by, changed_date, deleted, gui) values ('4f2994f6-b455-4688-bae4-e49ceb2296b2',NULL,1,1,NULL,'90805cec-c01e-4fd7-a1fe-add2b94a1ffc',0,0,0,0,NULL,'PowerCatch admin','2016-05-30 09:53:33.594+02',0,0);
insert into konfigurasjon.page (id, nbr, name, signaturerequired, commentpresent, show_camera_on_page, changed_by, changed_date, deleted, gui) values ('a3f3f68b-d67c-4fa6-9afb-0c8750b22aa0',137,'pc.page.final.check',0,0,0,'PowerCatch admin','2016-05-30 09:54:15.879+02',0,0);
insert into konfigurasjon.page_fieldproperty (id, id_page, id_fieldproperty, sortorder, changed_by, changed_date, deleted, gui) values ('d2bf2394-9a9e-41f7-9eb9-b2d6511f2dde','a3f3f68b-d67c-4fa6-9afb-0c8750b22aa0','4f2994f6-b455-4688-bae4-e49ceb2296b2',1,'PowerCatch admin','2016-05-30 09:55:09.633+02',0,0);
delete from konfigurasjon.issuetype_page where id = '0677f535-591d-4baa-a52e-43413c977fd3';
delete from konfigurasjon.issuetype_page where id = 'e88e6ac7-252b-4133-8f88-d3d6eaf75cd0';
insert into konfigurasjon.issuetype_page (id, id_issuetype, id_page, sortorder, changed_by, changed_date, deleted, gui) values ('2519b82b-4cc3-48ee-80c6-5add3d8f92ed','65f9942c-5a39-4668-93e7-3de4c87da209','a3f3f68b-d67c-4fa6-9afb-0c8750b22aa0',10,'PowerCatch admin','2016-05-30 09:56:01.413+02',0,0);
insert into konfigurasjon.issuetype_page (id, id_issuetype, id_page, sortorder, changed_by, changed_date, deleted, gui) values ('7b92a72f-a9db-43c7-9323-4a78921eba34','e028f89b-ef46-4c25-9929-d504b6fbbadb','a3f3f68b-d67c-4fa6-9afb-0c8750b22aa0',10,'PowerCatch admin','2016-05-30 09:56:14.491+02',0,0);

-- PC-3430
update konfigurasjon.issuetype set nbr = NULL, name = 'PC_ISSUETYPE_SERVICE_SUBSTATION', project_key = 'PPEN,PPTO,PPTRE,PPFIRE,PPFEM', new_issue_enabled = 0, summary_field = NULL, changed_by = 'PowerCatch admin', changed_date = '2016-06-01 20:04:29.249+02', deleted = 0, drop_signature = 1, gui = 0 where id = 'afdd12af-ade2-4444-a88f-7a22a53c37cc';
update konfigurasjon.issuetype set nbr = NULL, name = 'PC_ISSUETYPE_SERVICE_CT', project_key = 'PPEN,PPTO,PPTRE,PPFIRE,PPFEM', new_issue_enabled = 0, summary_field = NULL, changed_by = 'PowerCatch admin', changed_date = '2016-06-01 20:04:29.245+02', deleted = 0, drop_signature = 1, gui = 0 where id = '9d784c0b-073b-4df7-bf38-70d787e2e885';
update konfigurasjon.issuetype set nbr = NULL, name = 'PC_ISSUETYPE_SERVICE', project_key = 'PPEN,PPTO,PPTRE,PPFIRE,PPFEM', new_issue_enabled = 0, summary_field = NULL, changed_by = 'PowerCatch admin', changed_date = '2016-06-01 20:04:29.241+02', deleted = 0, drop_signature = 1, gui = 0 where id = '7006313c-675f-4c29-9705-0c6dec6bac9f';
update konfigurasjon.issuetype set nbr = NULL, name = 'PC_ISSUETYPE_ROLLOUT_SUBSTATION_NEW_MASTER', project_key = 'PPEN,PPTO,PPTRE,PPFIRE,PPFEM', new_issue_enabled = 0, summary_field = 'summary', changed_by = 'PowerCatch admin', changed_date = '2016-06-01 20:03:58.905+02', deleted = 0, drop_signature = 1, gui = 0 where id = '53fd5fb9-c750-490c-aafa-619d2d68e923';
update konfigurasjon.issuetype set nbr = NULL, name = 'PC_ISSUETYPE_ROLLOUT_SUBSTATION_NEW_CONCENTRATOR', project_key = 'PPEN,PPTO,PPTRE,PPFIRE,PPFEM', new_issue_enabled = 0, summary_field = 'summary', changed_by = 'PowerCatch admin', changed_date = '2016-06-01 20:03:58.903+02', deleted = 0, drop_signature = 1, gui = 0 where id = '2e3a3157-e67b-4cab-8cf1-6bf928d13417';
update konfigurasjon.issuetype set nbr = NULL, name = 'PC_ISSUETYPE_ROLLOUT_METER_CHANGE_CT', project_key = 'PPEN,PPTO,PPTRE,PPFIRE,PPFEM', new_issue_enabled = 0, summary_field = 'summary', changed_by = 'PowerCatch admin', changed_date = '2016-06-01 20:03:58.901+02', deleted = 0, drop_signature = 1, gui = 0 where id = 'e028f89b-ef46-4c25-9929-d504b6fbbadb';
update konfigurasjon.issuetype set nbr = NULL, name = 'PC_ISSUETYPE_ROLLOUT_METER_CHANGE', project_key = 'PPEN,PPTO,PPTRE,PPFIRE,PPFEM', new_issue_enabled = 0, summary_field = 'summary', changed_by = 'PowerCatch admin', changed_date = '2016-06-01 20:03:58.889+02', deleted = 0, drop_signature = 1, gui = 0 where id = '65f9942c-5a39-4668-93e7-3de4c87da209';
update konfigurasjon.fieldproperty set label = 'Målernummer', editable = 1, required = 1, checkboxvalidationid = NULL, id_field = '5dd4e65b-3525-40e6-9c15-f1a8f342dbe0', hidden = 0, scannable = 2, hide_values = 1, cross_validation = 1, dependency_field = 'PC_WORK_COMPLETED_DATE_TIME', changed_by = 'PowerCatch admin', changed_date = '2016-06-01 20:20:20.416+02', deleted = 0, gui = 0 where id = '6fe6314a-3564-43fd-a46e-6550f1cc82ef';